Room_Area,Room_Height,Room_Volume,Occupancy,Outdoor_Temperature,Window_Area,Equipment_Load,Insulation_Level,Sun_Exposure,AC_Capacity_Ton
66,3.6,237.6,7,36,12.9,1.0,4,2,2.5
29,3.8,110.2,3,31,5.2,0.4,1,1,1.0
86,3.8,326.8,7,31,13.8,1.1,4,3,3.0
75,3.5,262.5,6,41,11.2,0.8,3,1,2.5
35,4.0,140.0,2,37,3.6,0.3,5,1,1.0
97,3.4,329.8,6,35,19.2,0.7,5,3,3.0
89,4.1,364.9,8,30,12.3,1.6,2,2,3.5
89,2.9,258.1,7,38,10.3,1.0,4,3,2.5
38,4.1,155.8,2,30,6.3,0.3,1,3,1.5
17,3.7,62.9,1,30,2.2,0.2,1,1,1.0
36,3.3,118.8,4,26,5.7,0.5,1,1,1.0
67,3.1,207.7,5,44,10.6,0.9,3,3,2.5
16,3.5,56.0,2,39,2.3,0.3,4,2,1.0
44,3.1,136.4,3,41,8.1,0.5,1,3,1.5
52,3.0,156.0,6,32,6.6,0.7,3,2,1.5
16,3.7,59.2,1,29,2.3,0.2,5,3,1.0
78,3.5,273.0,6,41,12.0,1.0,2,3,3.0
74,3.7,273.8,4,44,12.3,0.5,4,2,2.5
35,4.1,143.5,4,25,6.2,0.5,4,3,1.5
47,3.5,164.5,5,42,6.6,0.7,5,1,1.5
90,3.6,324.0,11,39,14.8,2.2,4,3,3.5
72,2.9,208.8,8,29,8.3,1.0,4,1,2.0
36,3.8,136.8,4,31,7.0,0.6,4,2,1.5
63,3.4,214.2,4,42,8.7,0.4,4,2,2.0
73,4.2,306.6,7,30,12.6,1.0,3,1,2.5
56,4.0,224.0,7,45,5.7,1.1,3,3,2.5
74,3.5,259.0,5,29,8.9,1.0,2,1,2.5
94,3.0,282.0,8,43,14.0,1.2,4,1,3.0
29,4.0,116.0,3,34,5.4,0.5,5,2,1.0
76,3.9,296.4,7,39,11.6,1.1,1,1,3.0
76,3.1,235.6,4,34,14.7,0.4,2,3,2.5
61,3.2,195.2,6,40,9.1,0.8,1,1,2.0
76,3.9,296.4,4,36,11.3,0.6,1,2,2.5
65,3.1,201.5,4,42,7.3,0.8,4,3,2.0
69,4.1,282.9,8,25,12.4,1.5,5,2,2.5
78,3.4,265.2,4,40,9.7,0.5,1,1,2.5
17,2.9,49.3,2,30,3.2,0.2,1,1,1.0
65,3.9,253.5,7,27,12.4,0.8,2,2,2.5
21,3.3,69.3,1,26,4.1,0.2,5,2,1.0
35,3.5,122.5,2,26,5.3,0.4,5,3,1.0
87,3.0,261.0,6,37,14.6,1.1,1,2,3.0
53,2.8,148.4,6,33,9.4,0.8,5,2,1.5
32,3.7,118.4,3,40,3.6,0.5,2,1,1.5
18,3.5,63.0,1,29,2.9,0.1,2,1,1.0
74,3.6,266.4,7,45,7.7,0.9,2,2,2.5
28,3.9,109.2,3,31,4.2,0.5,4,2,1.0
23,3.7,85.1,3,37,2.7,0.3,1,1,1.0
67,3.0,201.0,7,44,7.9,0.8,5,3,2.0
16,3.3,52.8,1,37,2.2,0.2,2,3,1.0
98,4.1,401.8,8,31,14.0,1.4,1,3,3.5
74,3.9,288.6,4,34,12.0,0.6,1,3,2.5
85,3.6,306.0,7,39,9.1,1.1,4,1,3.0
58,3.2,185.6,4,45,8.7,0.5,5,2,2.0
22,3.2,70.4,2,30,2.6,0.3,5,3,1.0
61,3.8,231.8,5,29,9.6,0.9,2,1,2.0
49,4.0,196.0,5,26,8.0,0.9,2,2,2.0
92,3.7,340.4,8,45,14.3,1.4,1,3,3.5
95,3.9,370.5,7,39,16.5,0.8,5,2,3.0
50,3.9,195.0,3,40,6.7,0.4,5,3,2.0
64,3.0,192.0,4,43,11.3,0.6,2,2,2.0
18,3.4,61.2,2,33,2.6,0.3,3,3,1.0
16,3.0,48.0,2,43,2.4,0.4,1,3,1.0
20,3.1,62.0,2,31,3.3,0.3,5,2,1.0
68,4.0,272.0,5,28,6.9,0.6,4,2,2.0
18,3.5,63.0,1,27,3.0,0.1,4,2,1.0
68,3.5,238.0,4,44,11.0,0.8,3,1,2.5
77,3.0,231.0,9,35,10.1,1.1,2,1,2.5
32,3.2,102.4,2,25,3.5,0.3,2,2,1.0
58,3.1,179.8,5,30,6.3,0.7,2,1,2.0
48,3.1,148.8,3,35,9.2,0.3,4,3,1.5
88,3.7,325.6,6,25,14.9,0.9,2,2,3.0
76,3.2,243.2,5,45,8.6,0.9,4,1,2.5
28,3.7,103.6,2,31,3.8,0.3,3,2,1.0
62,2.9,179.8,7,30,9.9,1.3,1,3,2.0
29,3.0,87.0,2,38,5.3,0.3,5,3,1.0
86,3.2,275.2,9,26,9.0,1.0,3,1,2.5
92,3.6,331.2,6,28,11.4,1.2,4,3,3.0
76,3.7,281.2,6,35,14.4,0.8,3,2,2.5
54,3.4,183.6,4,39,5.4,0.6,5,1,1.5
99,3.4,336.6,6,42,11.9,1.1,1,2,3.5
94,3.8,357.2,6,25,18.4,0.8,5,2,3.0
96,2.8,268.8,6,27,15.5,1.0,4,2,2.5
67,3.3,221.1,5,27,8.5,0.6,5,3,2.0
38,3.9,148.2,2,31,4.1,0.3,3,2,1.5
40,3.6,144.0,3,25,4.1,0.3,2,3,1.5
74,3.3,244.2,4,35,9.2,0.7,3,2,2.5
55,4.1,225.5,5,30,10.3,0.6,4,3,2.0
43,3.9,167.7,2,44,6.1,0.3,1,3,2.0
29,3.2,92.8,2,27,5.0,0.4,5,3,1.0
59,3.7,218.3,4,43,11.3,0.6,1,2,2.5
79,3.6,284.4,7,26,11.1,1.1,4,2,2.5
85,3.4,289.0,9,42,10.1,1.3,5,3,3.0
23,3.3,75.9,1,36,3.5,0.1,3,2,1.0
15,3.3,49.5,2,34,2.9,0.3,3,3,1.0
22,3.7,81.4,1,29,4.0,0.2,4,2,1.0
77,3.4,261.8,6,33,8.2,1.2,5,3,2.5
25,4.0,100.0,2,26,4.2,0.4,3,3,1.0
95,3.7,351.5,6,26,14.9,1.1,4,1,3.0
22,2.9,63.8,2,30,4.2,0.4,4,2,1.0
49,3.7,181.3,4,34,5.5,0.6,1,2,2.0
49,3.2,156.8,4,42,7.5,0.7,3,1,1.5
47,3.6,169.2,4,36,8.8,0.8,5,3,1.5
19,3.8,72.2,1,28,2.7,0.1,3,3,1.0
55,3.1,170.5,5,45,8.2,1.0,3,1,2.0
42,3.4,142.8,2,41,4.5,0.3,3,1,1.5
21,3.1,65.1,1,39,2.7,0.2,4,3,1.0
87,2.9,252.3,8,30,11.5,1.4,2,2,2.5
86,3.3,283.8,6,40,16.7,1.2,2,1,3.0
26,3.3,85.8,2,41,3.3,0.2,1,1,1.0
48,4.2,201.6,4,27,7.0,0.7,3,1,1.5
47,3.4,159.8,3,34,7.9,0.5,2,1,1.5
62,3.3,204.6,8,29,7.2,1.0,1,1,2.0
37,3.6,133.2,4,38,5.5,0.7,4,1,1.5
76,2.9,220.4,6,45,13.2,0.9,3,3,2.5
51,4.1,209.1,4,37,9.5,0.7,5,3,2.0
58,3.7,214.6,4,30,9.4,0.5,4,1,2.0
100,3.9,390.0,6,36,16.7,0.9,1,3,3.5
49,3.0,147.0,3,32,5.5,0.5,4,2,1.5
79,3.4,268.6,6,29,15.4,0.8,5,2,2.5
61,3.4,207.4,7,39,6.9,0.8,4,1,2.0
92,4.0,368.0,8,40,16.3,1.6,1,2,3.5
17,2.8,47.6,2,25,2.2,0.3,5,2,1.0
15,3.2,48.0,1,40,2.9,0.2,5,3,1.0
19,4.2,79.8,1,29,3.3,0.1,4,3,1.0
28,3.5,98.0,3,27,4.9,0.4,5,3,1.0
41,3.3,135.3,4,44,5.0,0.6,4,3,1.5
23,3.0,69.0,2,39,3.3,0.3,3,2,1.0
93,4.2,390.6,5,37,15.0,0.8,5,1,3.0
29,2.8,81.2,2,40,5.1,0.3,4,3,1.0
56,3.8,212.8,4,35,6.2,0.6,3,2,2.0
91,3.9,354.9,5,45,17.9,0.6,5,3,3.0
65,3.1,201.5,4,26,12.3,0.6,3,2,2.0
77,3.7,284.9,6,30,9.8,0.7,5,3,2.5
66,2.9,191.4,8,30,12.0,0.9,1,1,2.0
18,3.2,57.6,1,38,2.7,0.2,1,3,1.0
37,3.9,144.3,2,35,5.4,0.3,4,1,1.0
29,4.0,116.0,2,32,3.8,0.3,2,3,1.0
57,3.7,210.9,4,32,9.0,0.6,1,3,2.0
43,3.5,150.5,3,25,7.4,0.6,2,3,1.5
50,3.0,150.0,3,45,7.1,0.5,3,2,1.5
27,2.9,78.3,2,31,4.4,0.4,3,2,1.0
46,3.0,138.0,4,30,7.8,0.5,2,1,1.5
85,3.1,263.5,6,45,14.5,1.2,4,1,2.5
73,3.3,240.9,6,32,7.7,1.1,5,2,2.0
100,3.3,330.0,7,43,18.6,1.3,2,1,3.5
42,3.3,138.6,3,45,6.1,0.4,2,1,1.5
80,3.1,248.0,9,44,10.1,1.1,2,2,3.0
56,3.5,196.0,4,32,7.0,0.5,2,2,2.0
59,4.0,236.0,6,38,8.7,0.8,2,2,2.5
76,3.2,243.2,5,42,14.3,0.9,4,2,2.5
71,4.1,291.1,6,40,9.8,0.6,1,3,2.5
20,4.0,80.0,1,33,3.5,0.1,5,2,1.0
42,3.0,126.0,5,39,4.6,0.6,1,1,1.5
42,3.9,163.8,3,34,6.2,0.4,2,3,1.5
58,3.6,208.8,5,40,11.6,0.6,1,3,2.5
98,3.6,352.8,6,28,17.4,1.1,4,1,3.0
44,3.3,145.2,3,44,5.3,0.5,3,3,1.5
76,3.5,266.0,4,37,11.4,0.4,1,1,2.5
89,3.4,302.6,6,29,11.0,0.9,5,3,2.5
76,3.6,273.6,5,31,10.7,0.7,4,3,2.5
15,3.7,55.5,1,33,2.7,0.1,3,1,1.0
41,3.7,151.7,4,32,7.3,0.7,4,1,1.5
76,3.5,266.0,6,40,9.3,1.0,2,1,2.5
91,3.8,345.8,6,30,17.5,1.0,3,1,3.0
17,3.0,51.0,1,40,2.7,0.2,5,2,1.0
84,3.1,260.4,8,30,11.6,0.8,3,2,2.5
86,3.9,335.4,5,38,12.9,1.0,5,1,3.0
41,3.3,135.3,3,45,6.6,0.5,2,2,1.5
23,2.8,64.4,2,25,3.6,0.4,5,1,1.0
76,3.0,228.0,8,33,11.3,0.8,4,1,2.5
51,3.1,158.1,6,37,7.7,1.2,1,3,2.0
65,4.1,266.5,5,43,7.6,0.9,4,1,2.5
58,3.6,208.8,4,41,10.5,0.7,4,1,2.0
38,4.1,155.8,4,35,5.9,0.4,3,1,1.5
93,3.6,334.8,7,32,10.5,1.2,2,1,3.0
73,3.5,255.5,4,29,12.9,0.8,1,3,2.5
46,3.2,147.2,3,34,8.9,0.5,5,1,1.5
66,3.6,237.6,4,31,12.9,0.6,3,3,2.0
76,3.0,228.0,7,34,10.4,1.4,2,1,2.5
72,4.1,295.2,6,28,8.2,0.9,1,3,2.5
66,4.0,264.0,4,33,10.0,0.6,4,2,2.0
26,3.2,83.2,2,38,2.9,0.3,2,3,1.0
53,4.1,217.3,6,26,10.3,1.2,2,3,2.0
16,4.0,64.0,1,33,1.9,0.1,2,1,1.0
17,3.7,62.9,1,45,2.1,0.2,4,3,1.0
70,3.0,210.0,6,25,9.8,1.0,5,3,2.0
95,3.5,332.5,8,34,13.1,1.4,3,1,3.0
73,3.5,255.5,7,34,13.1,1.1,5,2,2.5
16,3.1,49.6,2,44,2.3,0.4,1,2,1.0
16,2.9,46.4,1,27,1.9,0.2,3,2,1.0
68,3.9,265.2,5,30,8.6,0.5,1,3,2.5
15,3.0,45.0,1,30,2.3,0.1,4,1,1.0
33,3.6,118.8,3,45,3.8,0.3,5,2,1.0
16,4.1,65.6,1,26,2.6,0.1,2,2,1.0
67,4.0,268.0,5,42,10.5,0.8,3,2,2.5
58,3.2,185.6,4,26,9.9,0.8,2,2,2.0
46,4.0,184.0,4,36,8.9,0.7,1,1,2.0
84,2.8,235.2,7,29,16.1,0.8,2,2,2.5
46,2.8,128.8,3,44,9.0,0.3,2,3,1.5
82,3.6,295.2,7,31,10.2,1.1,4,3,2.5
69,3.3,227.7,5,40,7.8,0.8,4,1,2.0
89,3.3,293.7,6,44,11.6,0.8,5,2,3.0
70,3.6,252.0,5,25,13.3,0.9,1,2,2.5
31,3.1,96.1,3,25,6.1,0.6,4,3,1.0
52,3.1,161.2,4,41,9.7,0.6,4,1,1.5
38,3.5,133.0,2,25,4.2,0.4,5,3,1.0
83,3.9,323.7,8,45,16.2,1.1,3,1,3.0
84,3.7,310.8,9,44,12.0,1.6,5,1,3.0
100,3.2,320.0,9,37,10.1,1.3,2,1,3.0
25,3.4,85.0,2,33,3.6,0.2,2,3,1.0
30,3.0,90.0,3,39,3.1,0.6,4,1,1.0
87,2.9,252.3,5,27,13.4,0.7,4,3,2.5
73,3.9,284.7,5,38,9.8,0.9,5,3,2.5
84,3.2,268.8,5,35,12.4,0.7,5,2,2.5
94,3.0,282.0,5,36,15.2,0.5,1,3,3.0
17,3.8,64.6,1,37,3.2,0.1,2,3,1.0
34,3.7,125.8,3,37,5.7,0.4,5,2,1.0
73,3.7,270.1,8,25,10.5,1.4,3,2,2.5
50,3.1,155.0,5,34,9.1,0.7,1,2,2.0
33,3.1,102.3,2,27,6.3,0.3,5,1,1.0
81,3.1,251.1,8,28,9.1,1.4,4,1,2.5
33,3.0,99.0,3,40,5.1,0.5,5,2,1.0
34,3.7,125.8,3,32,4.4,0.4,4,1,1.0
85,4.0,340.0,5,40,8.9,1.0,4,2,3.0
66,3.8,250.8,7,41,11.0,1.0,2,1,2.5
47,3.9,183.3,6,43,8.8,0.9,2,3,2.0
54,3.4,183.6,6,39,6.3,0.7,5,1,2.0
53,3.7,196.1,3,40,9.6,0.4,5,1,1.5
96,3.3,316.8,7,39,17.8,0.7,3,3,3.0
15,3.5,52.5,1,26,2.9,0.2,1,2,1.0
25,3.5,87.5,3,35,3.2,0.4,1,1,1.0
71,3.0,213.0,6,25,13.5,0.8,5,1,2.0
64,3.3,211.2,7,39,8.5,1.2,2,3,2.5
37,4.1,151.7,2,43,5.7,0.3,3,3,1.5
45,3.1,139.5,3,28,4.7,0.4,1,3,1.5
56,3.0,168.0,4,35,5.8,0.5,5,3,1.5
21,3.4,71.4,1,29,3.6,0.2,2,2,1.0
30,3.9,117.0,3,27,4.3,0.3,2,1,1.0
74,3.6,266.4,5,37,9.3,0.7,2,1,2.5
16,3.8,60.8,1,34,1.9,0.2,4,1,1.0
15,3.1,46.5,1,35,2.5,0.2,2,1,1.0
62,3.7,229.4,4,42,6.2,0.7,5,2,2.0
26,3.3,85.8,2,26,4.7,0.4,3,1,1.0
83,4.0,332.0,8,31,9.0,0.8,5,2,2.5
51,3.7,188.7,6,33,6.1,0.8,2,2,2.0
46,3.1,142.6,4,34,6.4,0.5,3,3,1.5
23,2.9,66.7,2,42,3.4,0.2,1,3,1.0
33,2.9,95.7,2,31,4.5,0.3,1,1,1.0
62,3.3,204.6,4,31,8.2,0.5,5,2,2.0
94,3.2,300.8,6,27,18.5,0.9,3,3,3.0
17,3.7,62.9,1,36,2.8,0.2,5,2,1.0
34,3.5,119.0,3,31,3.5,0.4,3,3,1.0
38,3.2,121.6,3,41,5.4,0.5,3,2,1.5
68,3.0,204.0,7,25,12.8,0.9,5,1,2.0
47,3.0,141.0,3,29,6.1,0.4,3,1,1.5
38,4.0,152.0,2,40,4.2,0.3,2,2,1.5
89,3.1,275.9,9,39,15.6,0.9,3,3,3.0
86,3.7,318.2,6,26,13.8,0.6,3,3,3.0
50,3.9,195.0,3,33,7.9,0.4,5,1,1.5
52,3.7,192.4,4,31,5.5,0.8,1,1,2.0
98,4.0,392.0,8,28,11.2,1.4,4,1,3.0
39,3.3,128.7,3,44,6.3,0.3,3,3,1.5
32,4.1,131.2,4,42,3.9,0.7,4,3,1.5
96,3.0,288.0,9,45,14.4,1.6,3,1,3.0
80,2.9,232.0,10,28,12.4,1.6,5,2,2.5
68,3.7,251.6,5,37,8.7,0.9,5,3,2.5
49,4.1,200.9,5,25,9.5,0.7,3,1,1.5
94,3.9,366.6,6,27,17.3,0.7,5,2,3.0
75,2.9,217.5,6,40,12.9,0.9,5,3,2.5
55,3.2,176.0,4,28,5.9,0.6,3,2,1.5
47,4.1,192.7,4,40,5.2,0.6,1,2,2.0
82,3.2,262.4,6,43,12.2,0.9,3,3,3.0
47,3.9,183.3,3,25,5.5,0.6,1,1,1.5
28,4.0,112.0,3,29,5.5,0.6,5,2,1.0
35,3.5,122.5,3,43,4.1,0.6,1,1,1.5
62,3.3,204.6,4,35,9.2,0.7,5,3,2.0
34,3.4,115.6,4,37,4.6,0.8,1,2,1.5
22,3.1,68.2,3,44,3.6,0.3,1,2,1.0
21,4.0,84.0,2,29,2.4,0.3,3,2,1.0
81,3.4,275.4,9,45,11.6,1.3,1,2,3.0
31,4.0,124.0,2,28,4.0,0.4,5,2,1.0
47,2.9,136.3,5,28,8.9,0.8,3,3,1.5
62,4.2,260.4,4,28,6.5,0.7,1,2,2.0
90,3.4,306.0,6,28,17.2,0.7,3,3,3.0
73,2.9,211.7,5,44,13.4,0.6,4,1,2.0
100,2.9,290.0,7,45,13.0,1.2,3,3,3.0
36,3.8,136.8,2,42,6.4,0.2,4,2,1.5
44,3.7,162.8,4,42,4.5,0.5,4,1,1.5
52,3.9,202.8,3,40,10.2,0.4,3,3,2.0
65,2.9,188.5,4,33,9.9,0.5,5,3,2.0
68,2.8,190.4,4,42,8.9,0.7,5,3,2.0
22,3.5,77.0,2,26,3.0,0.3,5,2,1.0
41,3.3,135.3,4,45,4.4,0.6,2,2,1.5
41,3.4,139.4,3,28,8.2,0.3,4,3,1.5
35,4.2,147.0,2,36,3.6,0.4,3,3,1.5
44,4.2,184.8,5,31,7.3,0.7,5,1,1.5
42,4.1,172.2,3,39,6.1,0.5,5,2,1.5
78,3.9,304.2,7,31,15.2,1.2,3,2,3.0
83,3.3,273.9,9,45,10.3,1.1,4,1,3.0
75,3.4,255.0,8,41,11.5,1.5,3,3,3.0
62,3.6,223.2,7,40,9.2,1.1,2,3,2.5
33,4.0,132.0,2,43,5.6,0.3,2,1,1.5
18,2.9,52.2,2,33,1.9,0.2,3,3,1.0
49,3.4,166.6,3,38,5.8,0.6,4,3,1.5
78,2.9,226.2,6,41,9.5,1.1,5,1,2.5
63,3.5,220.5,7,29,11.0,0.8,2,1,2.0
31,4.1,127.1,2,26,3.7,0.3,2,1,1.0
58,3.9,226.2,3,44,9.1,0.5,4,3,2.0
44,3.1,136.4,3,40,5.3,0.5,2,1,1.5
60,4.2,252.0,7,38,11.2,1.2,2,3,2.5
20,3.7,74.0,1,38,3.9,0.1,4,2,1.0
51,2.8,142.8,3,25,7.7,0.5,3,2,1.5
38,3.2,121.6,4,27,5.1,0.6,5,1,1.0
60,3.2,192.0,7,31,7.4,0.8,5,3,2.0
67,2.9,194.3,5,39,7.0,0.8,2,3,2.0
74,4.1,303.4,8,43,9.4,1.6,5,3,3.0
77,3.5,269.5,5,44,12.7,0.7,3,1,2.5
99,4.1,405.9,9,26,15.2,1.3,2,3,3.5
46,3.3,151.8,3,43,8.9,0.5,5,3,1.5
47,3.0,141.0,3,33,6.6,0.5,1,3,1.5
81,3.5,283.5,8,43,13.7,1.5,1,2,3.0
32,3.0,96.0,3,29,4.8,0.5,1,3,1.0
39,3.5,136.5,3,42,5.9,0.3,1,2,1.5
68,4.1,278.8,4,40,8.6,0.8,1,3,2.5
72,3.5,252.0,5,28,10.5,0.9,2,3,2.5
81,3.7,299.7,8,36,11.9,1.5,4,3,3.0
60,3.0,180.0,6,31,10.2,1.0,4,2,2.0
38,2.9,110.2,5,38,7.4,0.9,2,3,1.5
46,3.0,138.0,3,36,6.1,0.3,2,1,1.5
61,3.6,219.6,7,27,6.4,0.9,3,3,2.0
100,2.9,290.0,8,29,15.0,1.5,4,2,3.0
37,3.3,122.1,3,41,5.7,0.4,1,2,1.5
80,3.6,288.0,5,34,9.3,0.5,2,1,2.5
41,3.3,135.3,4,34,7.2,0.7,1,1,1.5
16,3.0,48.0,2,35,3.2,0.4,4,1,1.0
31,3.2,99.2,2,41,6.0,0.2,5,2,1.0
47,4.1,192.7,3,29,5.6,0.6,5,3,1.5
23,3.7,85.1,2,37,4.3,0.3,2,3,1.0
57,3.5,199.5,3,34,9.7,0.5,3,1,2.0
62,2.8,173.6,4,33,9.0,0.7,1,1,2.0
53,4.2,222.6,5,41,8.2,0.7,2,3,2.0
56,3.7,207.2,5,25,10.4,0.6,3,1,2.0
40,3.2,128.0,3,28,5.9,0.4,1,3,1.5
64,4.0,256.0,4,28,8.8,0.6,4,3,2.0
39,3.2,124.8,5,42,5.8,0.8,5,3,1.5
38,3.6,136.8,3,33,6.0,0.5,3,3,1.5
27,3.7,99.9,2,42,3.2,0.4,1,2,1.0
74,3.1,229.4,7,38,14.1,1.1,2,3,2.5
21,4.2,88.2,1,39,3.5,0.2,1,1,1.0
71,3.8,269.8,4,30,11.6,0.5,2,1,2.5
50,3.6,180.0,6,34,5.5,0.6,5,1,1.5
59,3.1,182.9,5,39,9.5,0.9,5,1,2.0
34,2.9,98.6,3,28,3.8,0.3,1,2,1.0
79,3.2,252.8,5,42,8.5,0.6,1,3,2.5
22,3.9,85.8,1,42,3.4,0.2,2,3,1.0
30,3.2,96.0,2,41,4.2,0.3,2,1,1.0
28,3.6,100.8,2,36,4.4,0.4,3,1,1.0
90,3.8,342.0,7,31,9.8,0.9,3,1,3.0
29,3.0,87.0,2,40,4.1,0.2,3,3,1.0
80,3.8,304.0,7,35,9.4,0.9,1,2,3.0
46,2.9,133.4,5,38,9.1,0.8,3,2,1.5
77,4.2,323.4,7,27,12.0,1.0,1,2,3.0
100,3.5,350.0,7,43,16.9,1.1,5,2,3.5
65,3.0,195.0,8,42,8.6,1.5,4,1,2.5
39,3.3,128.7,2,34,4.3,0.4,5,3,1.0
72,3.4,244.8,8,30,14.2,1.0,1,1,2.5
77,3.9,300.3,8,37,9.9,1.2,1,2,3.0
76,3.8,288.8,6,34,10.8,0.9,4,1,2.5
36,3.7,133.2,2,42,5.9,0.4,2,2,1.5
72,2.9,208.8,8,44,7.4,1.6,2,3,2.5
72,3.0,216.0,6,40,13.0,0.7,2,2,2.5
100,2.9,290.0,6,30,15.4,1.0,3,1,3.0
63,3.6,226.8,6,37,8.1,0.8,2,3,2.5
66,4.0,264.0,6,28,7.0,0.6,3,2,2.0
56,3.4,190.4,3,38,6.5,0.3,3,2,2.0
84,3.0,252.0,10,25,15.9,1.5,2,3,3.0
29,3.6,104.4,2,44,4.9,0.3,2,1,1.0
68,3.9,265.2,6,29,8.5,0.6,4,3,2.5
74,3.8,281.2,7,32,7.9,1.2,4,1,2.5
22,4.0,88.0,2,36,3.7,0.3,3,2,1.0
67,3.2,214.4,8,26,10.5,1.2,4,2,2.0
74,3.1,229.4,7,36,10.4,0.9,3,3,2.5
19,4.0,76.0,2,29,2.6,0.2,1,2,1.0
82,3.7,303.4,5,29,10.0,0.7,3,3,2.5
20,3.2,64.0,2,37,3.3,0.2,3,2,1.0
61,3.8,231.8,5,33,12.0,0.8,4,2,2.0
69,3.9,269.1,4,34,8.1,0.5,1,1,2.5
54,3.7,199.8,4,25,8.6,0.6,5,3,1.5
66,3.8,250.8,8,27,9.4,0.9,5,3,2.5
30,3.3,99.0,2,42,4.3,0.3,5,2,1.0
27,3.6,97.2,3,36,3.4,0.5,1,1,1.0
44,3.5,154.0,5,27,8.0,0.6,2,1,1.5
33,4.0,132.0,2,33,4.9,0.3,1,3,1.5
31,4.0,124.0,2,26,4.8,0.2,4,3,1.0
77,4.0,308.0,6,27,10.0,1.0,3,2,2.5
33,2.8,92.4,3,38,3.9,0.4,3,3,1.0
72,3.8,273.6,5,28,7.8,0.8,4,2,2.5
69,3.9,269.1,6,43,11.8,0.9,4,1,2.5
76,3.7,281.2,4,37,9.1,0.8,3,3,2.5
37,3.9,144.3,4,31,6.3,0.6,2,1,1.5
23,4.0,92.0,1,36,3.2,0.2,2,1,1.0
26,3.5,91.0,2,27,3.7,0.3,2,2,1.0
15,3.5,52.5,1,33,2.2,0.2,4,1,1.0
72,3.0,216.0,5,26,9.8,0.9,3,2,2.0
15,3.3,49.5,1,33,1.7,0.1,3,2,1.0
48,3.7,177.6,4,36,6.3,0.7,3,1,1.5
62,3.9,241.8,6,36,10.3,0.9,1,1,2.5
15,3.1,46.5,1,39,2.5,0.2,1,2,1.0
30,3.0,90.0,2,26,3.9,0.4,5,2,1.0
75,3.7,277.5,5,42,11.0,0.6,1,1,2.5
78,2.8,218.4,6,37,9.3,1.0,2,2,2.5
77,3.0,231.0,8,38,9.3,1.0,2,2,2.5
83,2.8,232.4,7,29,8.5,0.9,2,3,2.5
36,3.0,108.0,3,34,6.8,0.4,2,3,1.5
81,3.1,251.1,6,36,9.8,1.0,5,3,2.5
90,3.3,297.0,6,34,11.0,0.7,2,3,3.0
40,3.4,136.0,2,35,5.1,0.2,4,3,1.5
30,4.0,120.0,3,26,3.4,0.5,4,2,1.0
65,3.5,227.5,5,29,10.7,0.6,4,2,2.0
100,3.8,380.0,8,31,10.8,0.9,1,3,3.5
71,2.9,205.9,6,30,8.1,0.7,3,1,2.0
43,3.1,133.3,4,27,7.1,0.6,5,3,1.5
92,3.8,349.6,11,37,12.3,1.6,4,1,3.5
83,2.9,240.7,5,27,14.2,0.5,4,2,2.5
61,3.5,213.5,5,45,9.5,1.0,2,1,2.0
76,3.6,273.6,6,30,9.5,1.0,4,2,2.5
83,3.6,298.8,5,35,13.7,0.7,2,1,2.5
90,2.8,252.0,6,41,10.0,0.8,2,2,2.5
30,3.3,99.0,3,34,4.6,0.4,3,2,1.0
62,3.7,229.4,5,36,8.9,0.8,1,3,2.5
99,3.0,297.0,8,41,12.6,0.9,2,2,3.0
53,3.8,201.4,3,28,8.5,0.4,2,3,2.0
47,3.8,178.6,3,26,8.8,0.6,3,3,1.5
37,4.2,155.4,2,35,7.4,0.3,2,3,1.5
24,3.1,74.4,2,31,3.9,0.3,5,1,1.0
83,4.0,332.0,5,26,11.7,0.9,1,1,2.5
48,3.5,168.0,6,42,5.9,1.0,5,2,2.0
66,3.3,217.8,7,45,8.3,0.9,4,3,2.5
24,3.0,72.0,2,28,3.6,0.3,1,3,1.0
33,3.8,125.4,4,32,4.5,0.4,4,2,1.0
72,3.1,223.2,7,44,13.8,1.2,2,3,2.5
15,3.3,49.5,1,38,2.1,0.1,3,2,1.0
83,2.9,240.7,5,36,11.4,0.9,5,3,2.5
18,3.9,70.2,2,45,2.5,0.4,4,1,1.0
30,3.9,117.0,3,42,5.5,0.6,2,2,1.5
38,3.8,144.4,4,35,6.3,0.8,5,2,1.5
94,3.2,300.8,9,32,15.2,1.4,5,1,3.0
16,3.0,48.0,2,26,2.1,0.3,4,2,1.0
46,3.7,170.2,3,39,8.4,0.4,2,1,1.5
98,3.5,343.0,10,33,10.2,1.7,3,3,3.5
38,3.0,114.0,3,43,7.1,0.6,4,1,1.5
26,3.8,98.8,3,44,3.9,0.4,5,1,1.0
64,4.2,268.8,4,32,8.9,0.8,5,2,2.0
49,3.8,186.2,3,43,7.3,0.5,1,3,2.0
47,3.8,178.6,3,29,7.8,0.6,2,1,1.5
47,4.1,192.7,3,35,4.8,0.6,1,3,2.0
75,3.1,232.5,7,39,14.0,0.9,3,1,2.5
65,3.6,234.0,6,32,9.4,0.7,4,2,2.0
57,4.2,239.4,4,43,7.7,0.4,5,1,2.0
26,3.0,78.0,2,32,3.0,0.3,2,1,1.0
81,3.8,307.8,6,43,11.7,1.0,5,3,3.0
79,3.6,284.4,10,42,11.8,1.8,1,1,3.0
47,3.6,169.2,5,34,6.6,0.9,1,2,2.0
54,3.8,205.2,4,31,9.1,0.6,4,2,2.0
88,4.1,360.8,6,33,12.5,0.6,2,1,3.0
57,3.9,222.3,4,25,11.2,0.5,2,1,2.0
58,2.9,168.2,6,43,9.3,0.7,4,3,2.0
43,4.0,172.0,3,29,7.8,0.4,1,3,1.5
27,3.1,83.7,3,43,3.0,0.5,1,2,1.0
26,3.3,85.8,3,25,3.6,0.3,1,3,1.0
60,3.4,204.0,5,39,8.0,0.7,5,1,2.0
16,3.5,56.0,2,40,2.5,0.2,3,2,1.0
49,3.4,166.6,5,31,9.1,0.8,1,3,2.0
95,4.1,389.5,9,36,10.2,1.3,3,2,3.5
22,3.8,83.6,2,32,2.4,0.3,3,1,1.0
40,3.7,148.0,5,29,7.4,0.7,2,3,1.5
88,2.9,255.2,10,34,10.7,2.0,4,1,3.0
48,4.1,196.8,5,45,8.0,0.6,5,1,2.0
21,4.1,86.1,2,29,3.2,0.3,3,2,1.0
82,3.9,319.8,6,41,15.0,1.0,5,2,3.0
72,2.8,201.6,7,29,8.1,1.1,2,2,2.0
89,2.9,258.1,8,39,10.1,1.5,1,3,3.0
43,3.1,133.3,4,37,6.7,0.6,3,3,1.5
50,3.0,150.0,3,25,9.7,0.4,4,2,1.5
35,3.4,119.0,2,35,5.0,0.2,2,3,1.5
50,4.1,205.0,3,25,6.6,0.5,5,3,1.5
24,3.5,84.0,2,35,3.9,0.3,1,2,1.0
87,2.8,243.6,7,42,16.8,0.8,5,1,2.5
38,3.2,121.6,3,42,7.0,0.5,4,3,1.5
78,2.9,226.2,6,45,15.6,0.9,3,3,2.5
63,2.9,182.7,6,40,6.4,0.6,4,1,2.0
50,3.2,160.0,5,37,5.6,0.8,5,1,1.5
96,3.2,307.2,9,31,15.5,1.5,5,1,3.0
38,3.9,148.2,2,25,6.9,0.2,4,2,1.0
37,4.2,155.4,3,40,4.8,0.4,4,1,1.5
76,3.3,250.8,5,25,9.4,0.9,4,2,2.0
51,3.4,173.4,4,41,9.1,0.6,1,1,2.0
26,4.0,104.0,2,30,2.7,0.3,5,1,1.0
69,3.2,220.8,7,26,9.4,0.9,2,2,2.0
27,3.0,81.0,3,41,4.1,0.5,1,2,1.0
37,4.0,148.0,2,30,5.8,0.4,1,1,1.5
44,2.9,127.6,3,38,7.6,0.5,1,1,1.5
31,3.7,114.7,3,42,4.2,0.3,2,1,1.0
76,3.6,273.6,5,30,12.3,0.7,4,3,2.5
98,3.3,323.4,9,34,15.5,1.7,5,1,3.0
100,3.2,320.0,6,42,15.5,0.7,3,2,3.0
27,3.9,105.3,2,33,4.4,0.4,3,3,1.0
73,2.9,211.7,6,32,9.2,1.2,5,2,2.0
33,3.1,102.3,3,34,3.6,0.3,2,3,1.0
63,3.8,239.4,7,41,7.1,1.4,3,3,2.5
26,3.6,93.6,3,30,3.2,0.4,1,2,1.0
75,3.0,225.0,5,38,11.3,0.9,3,3,2.5
33,4.0,132.0,2,30,6.1,0.3,5,2,1.0
90,3.4,306.0,6,31,15.3,0.9,1,1,3.0
23,4.0,92.0,2,36,4.1,0.3,3,3,1.0
85,3.9,331.5,6,27,11.5,1.1,5,2,2.5
42,3.7,155.4,5,38,5.9,0.5,2,3,1.5
92,3.5,322.0,11,43,12.8,1.8,5,2,3.5
66,4.2,277.2,5,40,7.9,0.6,2,1,2.5
97,3.0,291.0,7,31,10.3,0.9,1,1,3.0
30,3.8,114.0,3,32,4.8,0.4,5,3,1.0
83,3.1,257.3,10,42,16.5,1.5,4,3,3.0
26,3.3,85.8,1,37,3.0,0.1,4,2,1.0
39,3.2,124.8,5,45,4.1,0.6,4,2,1.5
66,4.1,270.6,5,33,11.7,0.6,4,3,2.5
99,4.2,415.8,8,34,12.4,0.8,4,2,3.5
67,3.1,207.7,7,45,12.3,1.0,2,2,2.5
37,2.8,103.6,4,33,6.3,0.8,5,2,1.0
30,3.8,114.0,3,39,5.8,0.3,1,3,1.5
71,3.4,241.4,5,44,10.0,1.0,4,1,2.5
53,2.9,153.7,4,26,8.8,0.7,4,1,1.5
67,3.8,254.6,5,37,9.8,0.8,1,2,2.5
56,3.6,201.6,3,26,9.1,0.5,1,3,2.0
72,4.2,302.4,5,43,10.4,0.9,4,2,2.5
53,3.1,164.3,4,26,6.3,0.4,2,1,1.5
28,3.4,95.2,2,27,4.2,0.3,1,2,1.0
19,3.6,68.4,1,30,2.9,0.2,5,1,1.0
49,3.9,191.1,3,27,8.9,0.5,5,3,1.5
89,3.6,320.4,7,34,15.4,1.3,2,2,3.0
32,3.7,118.4,2,30,5.3,0.2,3,3,1.0
90,3.1,279.0,11,40,10.0,1.9,2,2,3.0
23,4.0,92.0,2,41,4.0,0.3,4,2,1.0
88,3.4,299.2,8,43,13.2,1.1,3,2,3.0
72,3.0,216.0,8,27,13.6,1.1,4,2,2.5
31,3.7,114.7,3,42,6.0,0.5,5,2,1.0
21,3.1,65.1,1,31,2.2,0.2,1,3,1.0
60,2.9,174.0,5,33,10.9,0.7,4,3,2.0
27,4.0,108.0,3,44,2.8,0.5,5,1,1.0
54,3.4,183.6,4,36,7.4,0.6,2,2,2.0
56,3.8,212.8,4,29,8.6,0.4,4,1,1.5
23,3.2,73.6,2,27,2.6,0.2,5,3,1.0
64,3.9,249.6,4,35,11.2,0.4,1,1,2.0
41,3.0,123.0,3,28,4.1,0.4,4,3,1.0
80,3.3,264.0,5,29,9.3,0.7,5,2,2.5
19,4.2,79.8,1,25,3.0,0.2,4,1,1.0
43,3.9,167.7,3,42,7.4,0.5,1,1,1.5
51,3.5,178.5,6,36,9.8,0.6,4,1,2.0
52,3.3,171.6,5,37,8.9,0.6,4,1,1.5
97,4.0,388.0,11,33,16.2,1.4,5,2,3.5
22,3.6,79.2,1,26,3.1,0.2,3,3,1.0
79,3.9,308.1,8,29,7.9,0.9,4,3,2.5
100,3.9,390.0,11,37,11.2,1.2,3,2,3.5
31,2.8,86.8,2,40,4.8,0.4,2,3,1.0
85,3.0,255.0,5,40,14.2,0.9,4,1,2.5
59,3.7,218.3,4,27,8.4,0.5,3,2,2.0
18,3.0,54.0,2,28,3.1,0.3,2,3,1.0
50,3.2,160.0,6,35,7.6,0.8,5,2,1.5
84,4.1,344.4,7,38,9.0,1.3,4,2,3.0
45,3.6,162.0,5,27,5.4,0.8,5,3,1.5
33,3.9,128.7,4,40,6.1,0.5,2,3,1.5
75,3.6,270.0,6,39,12.9,1.0,5,2,2.5
68,3.6,244.8,4,34,12.9,0.6,5,2,2.0
53,2.9,153.7,5,33,5.9,0.6,1,3,2.0
88,3.3,290.4,6,35,17.5,0.8,2,2,3.0
33,3.2,105.6,2,40,4.0,0.3,5,3,1.0
53,3.3,174.9,5,34,5.4,0.7,3,2,2.0
81,3.9,315.9,6,41,16.2,0.7,2,2,3.0
59,3.3,194.7,6,43,7.6,0.8,1,2,2.0
27,3.4,91.8,3,26,4.5,0.3,4,3,1.0
72,3.4,244.8,5,26,8.5,0.9,5,1,2.0
34,2.9,98.6,4,30,5.4,0.5,3,3,1.0
86,3.4,292.4,5,43,16.4,0.5,1,2,3.0
75,3.1,232.5,8,32,9.9,1.3,2,1,2.5
53,3.1,164.3,4,27,8.9,0.7,5,1,1.5
15,2.9,43.5,1,38,1.8,0.2,1,2,1.0
17,3.3,56.1,2,40,2.8,0.3,1,3,1.0
91,3.9,354.9,11,25,12.2,1.3,3,1,3.0
76,3.2,243.2,5,45,9.2,0.9,4,1,2.5
77,3.2,246.4,5,27,10.1,0.8,4,3,2.5
39,3.7,144.3,2,42,4.6,0.2,4,3,1.5
70,3.1,217.0,5,33,13.3,1.0,2,1,2.0
47,4.1,192.7,3,30,6.6,0.3,1,3,2.0
52,3.5,182.0,4,45,6.5,0.8,2,1,2.0
20,3.4,68.0,1,25,2.9,0.2,1,2,1.0
72,3.6,259.2,6,45,9.5,1.0,3,3,2.5
58,3.0,174.0,4,34,10.1,0.8,3,1,2.0
59,3.7,218.3,4,30,11.6,0.7,2,3,2.0
46,3.3,151.8,4,36,6.6,0.5,2,3,1.5
59,4.1,241.9,4,28,11.0,0.6,3,1,2.0
75,3.0,225.0,5,37,11.7,0.5,5,2,2.0
61,3.5,213.5,6,41,7.1,0.8,4,1,2.0
35,3.6,126.0,4,32,5.9,0.7,4,3,1.5
94,2.8,263.2,8,44,14.2,1.1,3,1,3.0
99,3.3,326.7,7,27,16.3,0.9,4,3,3.0
89,3.8,338.2,5,36,16.8,0.8,5,1,3.0
50,3.9,195.0,5,31,7.2,0.9,5,2,2.0
33,3.2,105.6,2,36,6.3,0.2,1,2,1.0
34,3.9,132.6,2,26,6.0,0.3,2,2,1.0
71,4.2,298.2,7,38,10.6,0.8,4,2,2.5
32,4.0,128.0,2,29,5.1,0.3,5,1,1.0
61,3.0,183.0,3,33,8.1,0.3,2,2,2.0
63,3.8,239.4,4,45,12.5,0.7,2,1,2.5
28,3.2,89.6,2,35,4.7,0.3,1,3,1.0
29,4.2,121.8,2,29,3.0,0.2,2,3,1.0
45,3.5,157.5,3,27,6.0,0.6,2,3,1.5
15,3.0,45.0,1,41,2.4,0.1,3,2,1.0
68,3.8,258.4,4,26,7.2,0.6,1,2,2.0
17,3.3,56.1,1,25,1.7,0.1,1,2,1.0
30,4.2,126.0,2,31,4.4,0.3,4,3,1.0
71,4.2,298.2,7,38,9.5,1.1,2,3,3.0
89,3.7,329.3,6,29,12.8,0.8,4,3,3.0
26,3.0,78.0,3,43,3.3,0.3,5,3,1.0
88,3.8,334.4,5,35,10.2,0.7,2,1,3.0
30,2.9,87.0,3,26,5.1,0.5,5,1,1.0
86,2.8,240.8,9,32,13.0,1.6,3,2,2.5
90,4.0,360.0,7,33,10.8,1.1,2,2,3.0
38,3.1,117.8,5,27,5.0,0.8,4,3,1.5
42,3.3,138.6,3,26,6.7,0.4,4,1,1.0
22,4.2,92.4,1,31,2.4,0.1,2,1,1.0
50,3.3,165.0,3,29,5.7,0.3,4,2,1.5
22,3.2,70.4,2,45,2.4,0.2,2,1,1.0
72,4.1,295.2,8,29,13.0,1.0,1,2,2.5
74,3.0,222.0,5,44,13.0,0.8,4,3,2.5
64,3.9,249.6,4,37,11.2,0.6,2,3,2.5
42,4.2,176.4,3,45,7.2,0.6,2,2,2.0
55,4.1,225.5,4,44,9.2,0.5,4,3,2.0
78,3.7,288.6,7,30,11.5,1.1,1,3,3.0
41,3.2,131.2,2,44,6.7,0.4,4,1,1.5
77,3.2,246.4,5,42,8.0,0.8,2,1,2.5
31,3.9,120.9,3,26,5.0,0.4,1,1,1.0
87,4.0,348.0,8,30,15.5,1.0,5,1,3.0
47,3.5,164.5,3,33,7.1,0.3,3,1,1.5
98,3.1,303.8,12,27,13.3,1.6,4,2,3.0
91,3.0,273.0,8,25,11.6,1.4,2,2,3.0
43,2.9,124.7,3,25,7.1,0.3,1,1,1.0
27,3.8,102.6,3,43,4.6,0.4,1,3,1.5
60,3.4,204.0,7,29,11.2,1.2,5,3,2.0
49,4.1,200.9,3,37,6.6,0.5,4,2,1.5
20,3.8,76.0,1,43,3.5,0.1,1,2,1.0
96,3.1,297.6,6,36,15.0,1.0,5,2,3.0
83,3.7,307.1,5,40,15.6,0.7,2,3,3.0
61,3.4,207.4,5,43,9.3,0.6,5,2,2.0
39,3.6,140.4,2,27,5.9,0.3,4,3,1.0
80,3.8,304.0,7,36,12.6,1.1,5,2,3.0
24,3.9,93.6,2,29,4.2,0.4,1,3,1.0
70,4.0,280.0,4,26,13.8,0.4,1,2,2.5
44,3.2,140.8,4,31,4.7,0.6,3,2,1.5
19,2.8,53.2,2,37,2.0,0.3,5,3,1.0
47,3.8,178.6,4,39,9.1,0.6,2,2,2.0
79,2.9,229.1,8,27,12.1,0.8,4,1,2.0
32,3.2,102.4,4,45,5.2,0.5,3,3,1.5
63,2.8,176.4,4,44,9.3,0.7,5,2,2.0
25,3.8,95.0,1,29,2.7,0.2,2,3,1.0
99,3.0,297.0,8,32,17.5,1.2,3,2,3.0
40,3.7,148.0,5,25,7.0,0.6,1,1,1.5
77,4.2,323.4,9,32,10.1,1.2,4,2,3.0
100,2.9,290.0,6,42,13.1,0.8,5,2,3.0
73,2.9,211.7,6,44,13.4,1.1,2,1,2.5
41,3.3,135.3,4,40,4.4,0.8,1,3,1.5
63,4.0,252.0,5,42,11.9,0.7,3,2,2.5
91,3.1,282.1,8,44,11.4,1.1,4,2,3.0
47,3.3,155.1,4,36,7.5,0.7,3,1,1.5
15,2.9,43.5,1,37,2.9,0.1,3,3,1.0
35,3.9,136.5,3,37,5.9,0.5,2,3,1.5
69,3.4,234.6,5,34,9.8,0.6,1,1,2.0
20,3.9,78.0,2,31,3.4,0.3,5,1,1.0
95,4.1,389.5,6,38,12.8,0.9,2,2,3.5
83,3.1,257.3,6,40,10.6,1.1,4,1,2.5
19,3.9,74.1,2,39,3.8,0.4,3,1,1.0
17,2.9,49.3,1,36,3.0,0.1,4,1,1.0
67,4.1,274.7,6,33,11.0,1.0,2,3,2.5
37,3.7,136.9,2,32,5.0,0.4,2,1,1.0
67,4.0,268.0,5,42,7.0,0.7,5,2,2.5
51,2.8,142.8,3,42,5.3,0.4,3,2,1.5
88,3.0,264.0,10,37,13.7,1.0,2,2,3.0
88,3.3,290.4,6,42,15.5,0.9,4,1,3.0
97,3.3,320.1,7,39,14.9,0.9,5,3,3.0
31,3.1,96.1,2,28,5.7,0.3,4,1,1.0
99,3.3,326.7,9,41,10.2,1.1,3,1,3.0
92,3.0,276.0,7,29,12.6,1.3,5,2,2.5
87,3.4,295.8,5,40,10.8,0.6,5,1,2.5
15,3.9,58.5,1,33,2.2,0.1,5,3,1.0
65,3.5,227.5,6,34,7.0,0.9,1,2,2.5
59,2.8,165.2,4,42,11.5,0.6,5,3,2.0
91,3.4,309.4,7,41,11.1,0.9,4,3,3.0
18,2.8,50.4,2,42,3.5,0.3,4,3,1.0
76,4.2,319.2,7,31,10.8,0.8,3,1,2.5
79,3.0,237.0,7,28,15.7,1.2,2,1,2.5
46,3.8,174.8,3,29,7.1,0.5,2,1,1.5
48,4.2,201.6,3,40,9.3,0.4,1,1,2.0
86,4.0,344.0,5,27,8.6,0.9,5,2,2.5
53,3.8,201.4,3,42,9.3,0.5,1,1,2.0
40,4.0,160.0,3,45,7.6,0.3,3,2,1.5
48,4.2,201.6,6,38,5.5,1.2,3,3,2.0
68,3.7,251.6,8,39,7.5,1.5,2,2,2.5
17,3.6,61.2,2,41,2.4,0.2,3,1,1.0
64,3.7,236.8,4,25,12.4,0.5,5,2,2.0
26,3.5,91.0,2,45,4.0,0.2,4,1,1.0
79,3.7,292.3,7,41,12.1,0.8,3,1,2.5
68,3.4,231.2,6,35,7.8,1.0,1,2,2.5
19,3.1,58.9,1,41,1.9,0.1,5,2,1.0
71,3.0,213.0,5,38,12.9,0.9,3,3,2.5
31,2.9,89.9,3,44,3.4,0.5,3,3,1.5
61,3.2,195.2,3,43,10.0,0.5,5,3,2.0
37,2.9,107.3,3,45,7.1,0.5,3,3,1.5
93,3.6,334.8,10,31,11.2,1.0,4,3,3.0
99,3.2,316.8,6,37,16.5,0.8,2,2,3.0
28,4.0,112.0,3,42,3.0,0.5,5,3,1.0
80,2.9,232.0,5,38,12.8,0.5,1,2,2.5
89,3.1,275.9,5,25,10.4,0.5,3,3,2.5
65,3.8,247.0,4,31,11.3,0.7,2,1,2.0
52,3.6,187.2,3,32,6.8,0.5,1,3,2.0
78,2.9,226.2,7,42,11.4,0.9,1,1,2.5
52,4.0,208.0,3,33,8.3,0.5,4,2,2.0
64,4.0,256.0,5,25,7.5,0.9,2,3,2.5
96,3.3,316.8,6,41,16.7,0.8,5,2,3.0
44,3.3,145.2,3,43,5.7,0.3,2,3,1.5
93,4.2,390.6,5,30,15.5,1.0,2,2,3.0
65,3.7,240.5,4,27,7.5,0.5,1,3,2.0
77,3.5,269.5,7,29,13.0,0.8,4,3,2.5
66,4.0,264.0,4,26,7.4,0.6,4,1,2.0
52,3.2,166.4,4,44,7.4,0.7,2,2,2.0
93,3.4,316.2,5,28,11.6,0.6,2,2,2.5
44,3.2,140.8,3,34,7.7,0.4,3,2,1.5
65,3.9,253.5,6,34,8.2,0.7,1,2,2.5
95,3.6,342.0,8,45,17.9,1.6,5,2,3.5
19,3.7,70.3,1,35,3.6,0.1,5,1,1.0
43,3.2,137.6,3,40,5.1,0.5,4,3,1.5
18,3.1,55.8,2,41,2.9,0.4,1,1,1.0
24,3.5,84.0,2,40,2.6,0.2,4,2,1.0
70,3.8,266.0,6,31,9.7,1.2,5,2,2.5
31,3.5,108.5,2,40,5.3,0.4,2,3,1.5
88,2.8,246.4,7,27,14.6,1.3,1,1,2.5
31,4.0,124.0,4,40,5.0,0.5,1,3,1.5
98,2.9,284.2,10,32,12.6,1.6,3,3,3.0
83,4.1,340.3,10,36,11.4,1.8,2,1,3.0
48,2.8,134.4,4,27,5.3,0.8,2,3,1.5
20,3.8,76.0,2,41,3.4,0.2,4,1,1.0
67,2.9,194.3,7,45,10.1,1.2,1,1,2.5
80,4.1,328.0,5,42,13.7,0.7,4,2,3.0
91,3.5,318.5,5,35,11.4,0.6,2,3,3.0
57,3.0,171.0,5,28,7.5,0.7,3,2,1.5
89,3.3,293.7,5,40,11.9,0.9,1,3,3.0
37,3.0,111.0,5,41,3.8,0.7,2,3,1.5
69,3.0,207.0,5,33,9.3,0.8,3,2,2.0
94,4.1,385.4,7,30,17.0,1.4,5,2,3.5
89,3.4,302.6,7,44,16.9,1.0,2,2,3.0
30,3.9,117.0,3,26,4.6,0.5,5,1,1.0
22,3.7,81.4,2,33,3.2,0.3,4,3,1.0
18,3.7,66.6,1,45,1.9,0.1,5,1,1.0
18,3.0,54.0,1,30,3.4,0.2,2,3,1.0
70,3.1,217.0,7,27,7.1,1.4,5,3,2.0
39,3.9,152.1,4,44,7.6,0.6,1,1,1.5
81,4.2,340.2,8,30,12.1,1.4,2,1,3.0
81,3.2,259.2,8,31,10.9,0.9,3,3,2.5
41,3.2,131.2,3,25,7.9,0.4,5,2,1.0
46,3.5,161.0,5,25,4.7,0.8,1,2,1.5
64,4.2,268.8,4,29,10.1,0.4,4,2,2.0
75,3.2,240.0,7,30,11.6,0.9,4,2,2.5
65,3.4,221.0,7,37,7.9,1.1,5,3,2.5
33,4.0,132.0,2,26,4.7,0.2,4,2,1.0
35,2.8,98.0,4,39,5.8,0.5,3,2,1.5
19,2.9,55.1,1,39,3.3,0.2,2,2,1.0
96,3.6,345.6,6,37,9.6,0.9,1,3,3.0
56,4.1,229.6,6,38,10.8,1.2,5,1,2.0
75,3.1,232.5,9,31,8.7,1.5,4,2,2.5
36,3.5,126.0,3,38,4.4,0.4,2,3,1.5
35,3.4,119.0,4,34,4.4,0.8,3,3,1.5
84,3.5,294.0,9,41,8.7,1.6,4,2,3.0
15,3.7,55.5,1,38,1.7,0.1,4,1,1.0
19,3.5,66.5,2,32,3.8,0.2,1,1,1.0
26,3.4,88.4,2,28,3.4,0.3,3,1,1.0
60,3.5,210.0,4,40,6.7,0.6,3,3,2.0
48,3.6,172.8,3,37,5.3,0.5,5,2,1.5
63,3.6,226.8,7,44,10.8,1.2,1,2,2.5
92,4.0,368.0,9,42,17.1,1.5,5,3,3.5
59,2.9,171.1,4,38,7.4,0.8,1,2,2.0
41,4.0,164.0,3,42,4.2,0.5,3,2,1.5
87,4.0,348.0,5,29,10.6,0.6,1,1,3.0
40,3.2,128.0,3,33,4.2,0.5,1,2,1.5
61,3.4,207.4,4,27,6.7,0.5,1,2,2.0
100,3.4,340.0,8,32,14.3,1.4,2,3,3.5
70,3.1,217.0,6,44,8.6,1.2,2,3,2.5
77,3.4,261.8,6,34,11.7,1.0,3,1,2.5
62,2.9,179.8,5,43,7.8,0.8,1,3,2.0
75,3.2,240.0,7,45,14.6,1.0,3,1,2.5
95,3.9,370.5,9,27,18.1,1.2,2,1,3.5
40,3.2,128.0,3,35,6.3,0.4,1,2,1.5
50,3.9,195.0,3,35,6.8,0.5,5,1,1.5
15,3.5,52.5,1,41,2.1,0.2,2,2,1.0
22,4.0,88.0,2,40,3.1,0.3,2,1,1.0
66,3.6,237.6,7,31,11.4,0.8,2,3,2.5
93,2.8,260.4,6,28,13.5,0.9,1,3,2.5
61,3.7,225.7,5,43,11.3,0.9,4,3,2.5
70,2.9,203.0,4,36,13.6,0.6,5,1,2.0
100,3.4,340.0,9,39,13.4,1.4,5,1,3.0
28,4.1,114.8,2,35,4.4,0.4,3,2,1.0
42,3.0,126.0,3,29,4.6,0.5,1,2,1.5
92,3.3,303.6,6,29,11.0,0.8,2,2,3.0
16,3.8,60.8,1,39,2.3,0.2,4,2,1.0
40,4.0,160.0,3,42,4.8,0.3,1,1,1.5
28,3.7,103.6,2,35,5.3,0.4,1,1,1.0
73,3.2,233.6,9,36,8.5,1.0,4,2,2.5
70,3.7,259.0,4,26,10.2,0.4,2,1,2.0
21,3.2,67.2,2,44,3.4,0.4,1,1,1.0
17,3.8,64.6,1,39,2.9,0.1,5,1,1.0
37,4.1,151.7,3,44,5.1,0.5,5,1,1.5
32,3.8,121.6,3,28,6.0,0.5,4,2,1.0
52,4.0,208.0,3,42,8.2,0.6,2,2,2.0
29,2.8,81.2,4,30,4.2,0.8,4,1,1.0
78,3.8,296.4,8,43,8.3,1.0,1,3,3.0
42,4.0,168.0,3,35,6.2,0.5,5,2,1.5
88,2.9,255.2,8,26,16.0,0.9,3,2,2.5
53,4.0,212.0,4,32,8.6,0.6,4,3,2.0
71,3.2,227.2,9,35,13.0,1.7,3,2,2.5
31,3.7,114.7,3,29,4.6,0.4,3,3,1.0
100,3.9,390.0,11,42,11.2,1.8,5,3,3.5
58,3.7,214.6,6,42,5.9,0.9,4,1,2.0
39,2.9,113.1,3,38,5.1,0.5,3,2,1.5
31,3.6,111.6,2,34,5.3,0.4,1,3,1.5
27,3.6,97.2,2,27,4.8,0.2,2,1,1.0
98,4.1,401.8,6,33,12.7,0.9,2,2,3.5
39,3.4,132.6,4,27,5.8,0.7,5,1,1.0
82,3.2,262.4,7,35,11.7,1.0,4,1,2.5
24,3.8,91.2,2,36,3.4,0.2,4,3,1.0
81,3.4,275.4,8,36,10.0,1.2,2,2,3.0
32,3.7,118.4,2,27,3.6,0.3,1,1,1.0
100,3.7,370.0,12,45,12.0,1.4,2,3,3.5
48,4.0,192.0,5,31,5.1,0.9,2,3,2.0
22,3.6,79.2,1,38,2.6,0.2,4,1,1.0
54,3.5,189.0,4,35,5.4,0.8,3,1,2.0
97,3.0,291.0,8,31,15.8,1.4,1,3,3.0
56,3.0,168.0,7,45,7.4,1.2,4,1,2.0
55,3.0,165.0,5,34,10.9,0.5,2,1,2.0
20,3.0,60.0,1,35,2.4,0.1,3,2,1.0
66,3.7,244.2,7,39,8.9,0.8,1,3,2.5
40,3.8,152.0,3,43,5.4,0.6,5,1,1.5
78,3.5,273.0,10,40,7.9,1.2,1,3,3.0
73,4.0,292.0,6,45,13.4,0.8,1,2,3.0
70,4.2,294.0,9,44,7.2,1.4,2,3,3.0
73,3.9,284.7,5,36,14.2,0.6,2,3,2.5
84,3.8,319.2,5,42,15.9,0.6,5,3,3.0
47,3.5,164.5,3,37,7.2,0.5,5,2,1.5
67,3.4,227.8,6,29,10.3,0.7,5,2,2.0
36,2.9,104.4,2,28,6.0,0.2,4,3,1.0
35,3.4,119.0,3,38,4.9,0.4,4,3,1.5
84,4.1,344.4,7,32,13.8,1.2,2,2,3.0
84,3.9,327.6,6,33,8.8,0.9,2,1,3.0
18,3.1,55.8,2,43,1.9,0.3,5,2,1.0
89,3.5,311.5,9,27,13.0,1.4,4,3,3.0
76,3.9,296.4,5,29,11.8,0.7,3,1,2.5
76,2.9,220.4,7,45,14.3,1.4,4,1,2.5
38,3.3,125.4,3,42,4.2,0.3,2,1,1.5
69,4.0,276.0,6,25,12.6,1.0,4,2,2.5
23,3.4,78.2,1,32,2.8,0.2,2,2,1.0
17,2.9,49.3,1,43,2.4,0.2,5,2,1.0
45,3.6,162.0,3,41,5.9,0.4,5,2,1.5
54,4.0,216.0,5,41,7.6,0.6,5,3,2.0
50,3.6,180.0,5,35,5.8,0.9,3,1,1.5
38,3.1,117.8,3,26,5.7,0.3,3,3,1.0
20,3.3,66.0,2,30,3.6,0.4,2,2,1.0
80,3.4,272.0,10,38,11.5,1.7,1,2,3.0
98,3.6,352.8,7,27,14.6,1.2,3,3,3.0
89,3.9,347.1,7,36,16.5,0.8,2,1,3.0
18,2.9,52.2,1,28,3.1,0.2,4,1,1.0
93,4.0,372.0,9,36,13.9,1.5,5,2,3.5
20,2.8,56.0,2,37,2.5,0.4,5,2,1.0
65,3.3,214.5,7,26,12.3,0.7,5,2,2.0
76,2.8,212.8,4,26,12.0,0.4,2,2,2.0
71,3.4,241.4,4,39,8.7,0.5,5,1,2.0
80,3.5,280.0,5,41,10.2,0.6,3,3,2.5
93,3.5,325.5,5,31,16.8,0.8,4,1,3.0
89,3.0,267.0,7,38,9.3,1.3,5,3,3.0
22,3.7,81.4,2,36,4.4,0.3,2,2,1.0
40,2.9,116.0,4,41,4.5,0.7,4,2,1.5
65,3.9,253.5,5,38,11.7,0.5,5,3,2.5
59,4.1,241.9,5,30,8.2,0.6,1,2,2.0
58,3.3,191.4,5,43,8.7,0.5,5,1,2.0
19,3.5,66.5,1,30,3.6,0.1,3,2,1.0
84,3.3,277.2,5,42,11.9,1.0,4,2,2.5
40,2.8,112.0,3,29,6.1,0.3,3,2,1.0
82,3.3,270.6,5,30,8.6,0.8,1,2,2.5
33,3.9,128.7,2,26,3.3,0.3,1,1,1.0
98,3.6,352.8,10,32,12.2,1.9,3,3,3.5
34,2.9,98.6,4,39,5.7,0.4,4,2,1.0
26,4.0,104.0,2,39,2.9,0.2,1,2,1.0
61,3.5,213.5,4,35,6.8,0.4,1,1,2.0
15,4.0,60.0,2,25,2.1,0.3,5,1,1.0
28,3.6,100.8,2,42,4.6,0.3,2,1,1.0
78,3.6,280.8,9,36,13.4,1.7,1,2,3.0
52,2.9,150.8,5,36,6.1,0.8,4,3,1.5
51,3.0,153.0,3,35,5.5,0.5,4,1,1.5
25,4.2,105.0,3,32,4.9,0.5,5,1,1.0
91,3.1,282.1,11,31,11.5,1.2,4,1,3.0
17,4.2,71.4,2,45,3.2,0.3,5,3,1.0
47,3.5,164.5,3,26,8.8,0.6,1,2,1.5
20,3.0,60.0,2,35,3.5,0.4,1,2,1.0
64,2.9,185.6,4,34,7.5,0.8,1,2,2.0
24,3.1,74.4,2,27,4.4,0.4,1,1,1.0
19,4.1,77.9,2,44,3.4,0.2,2,2,1.0
37,3.4,125.8,2,34,5.9,0.2,2,1,1.0
24,3.4,81.6,3,42,3.2,0.3,1,3,1.0
58,3.2,185.6,3,38,7.3,0.4,4,3,2.0
16,3.0,48.0,1,42,1.8,0.1,5,2,1.0
27,3.5,94.5,2,32,4.1,0.3,3,1,1.0
54,3.0,162.0,6,34,8.6,1.0,5,1,1.5
16,4.0,64.0,1,37,2.2,0.2,3,2,1.0
98,3.3,323.4,10,45,14.5,1.7,3,3,3.5
79,3.3,260.7,9,32,10.8,1.7,1,3,3.0
77,3.5,269.5,5,28,12.6,0.5,3,3,2.5
87,3.4,295.8,9,28,16.5,0.9,1,3,3.0
31,4.2,130.2,2,29,3.6,0.3,2,3,1.0
23,3.6,82.8,3,25,3.2,0.4,4,2,1.0
89,2.9,258.1,8,41,10.2,1.0,3,2,3.0
29,3.6,104.4,2,26,4.7,0.3,4,2,1.0
38,3.0,114.0,3,32,6.6,0.4,1,3,1.5
52,2.8,145.6,4,31,10.0,0.6,3,3,1.5
49,4.2,205.8,3,39,6.3,0.4,5,2,1.5
63,3.9,245.7,4,29,12.3,0.6,2,2,2.0
83,4.2,348.6,7,26,8.8,1.2,2,3,3.0
76,3.5,266.0,5,31,12.2,0.7,3,1,2.5
74,3.5,259.0,4,32,7.8,0.5,2,2,2.5
64,3.0,192.0,4,31,12.1,0.5,5,3,2.0
92,3.1,285.2,7,31,14.1,0.9,4,3,3.0
89,4.0,356.0,6,38,14.9,1.0,5,2,3.0
23,3.3,75.9,1,45,4.2,0.2,2,1,1.0
48,4.0,192.0,3,42,5.5,0.5,4,3,2.0
90,3.8,342.0,11,30,9.3,1.4,5,2,3.0
49,3.0,147.0,5,28,9.2,0.8,1,3,2.0
15,3.5,52.5,1,34,2.0,0.2,1,3,1.0
54,3.7,199.8,5,42,6.1,0.7,4,3,2.0
78,3.1,241.8,5,36,11.5,0.8,4,3,2.5
36,4.0,144.0,3,40,5.8,0.4,4,1,1.5
74,3.6,266.4,6,31,7.6,0.9,1,2,2.5
78,3.0,234.0,9,30,9.9,1.5,5,2,2.5
86,3.6,309.6,9,29,8.9,1.0,4,2,3.0
25,4.2,105.0,1,27,3.6,0.2,1,2,1.0
28,3.0,84.0,2,36,5.3,0.2,4,2,1.0
74,3.9,288.6,5,39,14.7,0.5,4,1,2.5
44,3.1,136.4,3,34,7.2,0.6,4,3,1.5
49,3.9,191.1,3,44,5.7,0.6,1,3,2.0
99,3.8,376.2,7,43,18.9,0.7,5,2,3.5
51,3.2,163.2,4,40,7.7,0.6,1,3,2.0
19,3.3,62.7,2,35,2.2,0.2,1,3,1.0
97,3.9,378.3,7,32,18.6,1.0,4,3,3.5
92,3.4,312.8,6,27,16.2,1.1,3,2,3.0
40,3.8,152.0,2,31,6.9,0.4,3,2,1.5
76,3.0,228.0,9,31,13.0,1.5,3,1,2.5
18,4.0,72.0,1,38,2.2,0.1,1,2,1.0
56,3.8,212.8,4,26,6.8,0.6,4,1,1.5
32,4.1,131.2,3,34,5.4,0.4,3,2,1.5
54,3.0,162.0,6,43,6.6,1.1,2,3,2.0
86,3.6,309.6,7,33,12.4,1.3,2,1,3.0
53,3.6,190.8,5,40,9.4,0.8,2,1,2.0
28,3.3,92.4,3,43,5.0,0.4,5,1,1.0
46,3.4,156.4,3,42,6.7,0.4,4,2,1.5
65,2.9,188.5,4,33,11.6,0.4,1,1,2.0
52,3.8,197.6,4,40,9.6,0.7,1,2,2.0
37,3.6,133.2,2,37,6.1,0.3,4,1,1.0
77,2.9,223.3,7,34,9.5,0.9,5,2,2.5
29,3.8,110.2,3,44,3.7,0.4,4,1,1.0
39,3.5,136.5,3,38,5.1,0.5,5,3,1.5
31,2.8,86.8,3,36,3.5,0.3,3,3,1.0
80,4.2,336.0,7,43,10.2,1.3,3,1,3.0
92,4.1,377.2,9,31,11.1,1.7,5,2,3.5
67,3.5,234.5,8,39,9.8,1.6,4,2,2.5
65,2.9,188.5,4,40,12.4,0.6,3,2,2.0
53,3.9,206.7,5,32,5.9,0.6,4,3,2.0
65,3.5,227.5,5,34,11.2,0.7,3,3,2.5
84,3.2,268.8,10,28,14.2,1.3,4,3,3.0
20,3.5,70.0,1,43,2.2,0.1,4,2,1.0
81,3.5,283.5,7,43,15.6,1.1,2,2,3.0
21,3.6,75.6,1,45,3.3,0.1,5,2,1.0
65,3.4,221.0,5,39,8.9,0.9,1,1,2.0
86,3.6,309.6,9,38,15.1,0.9,5,1,3.0
56,4.1,229.6,4,25,7.0,0.7,4,1,2.0
78,3.3,257.4,8,40,13.2,1.4,4,3,3.0
29,3.8,110.2,2,34,3.0,0.4,5,3,1.0
43,4.1,176.3,4,43,7.9,0.8,4,2,2.0
47,3.4,159.8,3,27,6.8,0.5,3,1,1.5
41,3.4,139.4,5,29,6.7,1.0,4,2,1.5
50,3.6,180.0,3,33,6.1,0.4,5,1,1.5
43,3.6,154.8,4,42,7.2,0.6,5,1,1.5
52,3.9,202.8,5,35,9.2,0.5,5,2,2.0
71,3.5,248.5,6,40,10.5,0.6,2,2,2.5
41,4.2,172.2,2,26,6.6,0.2,2,1,1.5
69,2.9,200.1,7,36,10.0,0.8,2,1,2.0
47,2.8,131.6,5,30,8.9,0.6,2,3,1.5
82,3.7,303.4,7,35,12.3,0.8,2,2,3.0
100,3.2,320.0,11,32,18.4,1.1,2,2,3.5
80,3.1,248.0,9,36,14.4,1.7,2,2,3.0
24,3.2,76.8,2,26,3.4,0.2,5,2,1.0
19,3.2,60.8,2,33,2.3,0.3,1,1,1.0
88,2.8,246.4,11,39,12.4,1.3,2,3,3.0
52,4.2,218.4,3,26,9.5,0.6,5,2,1.5
27,3.1,83.7,2,25,3.3,0.4,1,1,1.0
45,3.8,171.0,5,34,6.9,0.8,2,1,1.5
61,3.9,237.9,6,26,11.0,1.0,1,1,2.0
66,4.1,270.6,5,36,8.9,0.5,1,1,2.5
70,2.8,196.0,7,32,11.5,1.4,3,1,2.0
29,4.0,116.0,2,29,3.6,0.4,4,2,1.0
43,3.5,150.5,5,25,4.8,0.9,3,2,1.5
22,3.7,81.4,2,39,3.9,0.3,1,3,1.0
19,3.7,70.3,2,30,2.1,0.3,5,2,1.0
43,3.9,167.7,3,36,5.5,0.6,2,1,1.5
61,3.3,201.3,4,32,11.3,0.5,4,3,2.0
82,3.8,311.6,6,37,11.0,0.9,2,1,3.0
90,3.5,315.0,8,43,17.8,0.9,5,1,3.0
59,3.9,230.1,6,25,11.7,1.2,4,2,2.0
16,4.2,67.2,1,35,2.0,0.1,3,1,1.0
41,3.1,127.1,4,44,4.3,0.5,1,2,1.5
50,4.2,210.0,5,25,8.5,0.8,5,1,1.5
50,2.9,145.0,3,32,7.3,0.5,1,3,1.5
40,2.8,112.0,3,29,4.4,0.5,1,1,1.0
57,2.9,165.3,5,41,9.7,0.6,2,2,2.0
41,3.3,135.3,3,32,4.2,0.3,5,1,1.0
83,3.7,307.1,6,34,15.5,1.1,1,2,3.0
34,2.9,98.6,4,26,3.9,0.8,3,2,1.0
25,2.8,70.0,2,33,2.8,0.4,4,3,1.0
88,4.1,360.8,9,27,10.3,1.3,5,2,3.0
52,4.0,208.0,3,42,10.2,0.6,2,3,2.0
20,3.9,78.0,1,31,3.4,0.1,5,3,1.0
86,4.0,344.0,6,39,15.5,0.9,2,1,3.0
37,3.8,140.6,3,45,5.2,0.4,4,3,1.5
61,2.9,176.9,7,44,8.2,1.0,3,2,2.0
60,3.4,204.0,5,42,7.4,0.9,1,2,2.0
26,3.8,98.8,2,27,3.8,0.3,5,3,1.0
27,3.2,86.4,2,38,4.2,0.3,2,1,1.0
76,3.8,288.8,5,26,12.4,0.6,4,3,2.5
96,2.8,268.8,9,38,12.1,0.9,1,3,3.0
74,3.2,236.8,7,35,14.4,1.1,4,2,2.5
57,3.6,205.2,5,40,6.7,0.6,3,1,2.0
90,3.7,333.0,8,32,17.7,0.9,1,1,3.0
82,3.6,295.2,6,31,8.3,1.0,1,1,2.5
19,3.8,72.2,1,35,2.8,0.2,1,1,1.0
51,2.8,142.8,3,27,6.8,0.5,2,2,1.5
86,2.9,249.4,5,41,12.5,0.8,1,1,2.5
45,4.0,180.0,3,38,7.1,0.6,4,1,1.5
23,3.8,87.4,1,30,3.3,0.2,2,1,1.0
65,3.0,195.0,8,32,9.2,1.4,1,2,2.5
43,4.0,172.0,3,29,7.5,0.5,4,2,1.5
92,3.1,285.2,9,32,15.5,1.2,4,1,3.0
54,3.5,189.0,6,26,9.9,1.2,5,2,2.0
55,3.0,165.0,4,39,6.9,0.5,4,3,2.0
100,3.8,380.0,9,36,16.1,1.1,3,1,3.5
25,3.7,92.5,3,41,4.0,0.4,1,2,1.0
37,3.1,114.7,4,25,5.1,0.4,1,1,1.0
15,4.0,60.0,2,39,2.2,0.4,1,1,1.0
60,3.4,204.0,4,38,7.9,0.6,4,2,2.0
35,3.2,112.0,4,44,4.0,0.6,4,3,1.5
50,3.0,150.0,5,40,6.1,0.8,1,1,2.0
68,3.2,217.6,6,33,7.5,0.9,2,3,2.5
71,2.8,198.8,6,25,11.9,0.6,2,2,2.0
15,3.6,54.0,1,41,2.5,0.2,3,1,1.0
77,4.0,308.0,9,37,15.0,1.5,5,2,3.0
68,3.6,244.8,5,45,11.8,0.7,3,2,2.5
69,3.1,213.9,5,45,7.3,0.9,1,2,2.5
54,2.8,151.2,3,29,10.2,0.4,1,2,1.5
29,3.1,89.9,2,34,5.4,0.2,1,1,1.0
35,3.4,119.0,2,30,5.1,0.2,5,3,1.0
61,3.9,237.9,7,43,9.7,1.0,4,3,2.5
87,3.1,269.7,7,37,17.2,1.3,5,1,2.5
67,3.8,254.6,6,25,10.3,1.1,3,1,2.0
23,4.0,92.0,1,44,4.4,0.1,4,3,1.0
88,3.4,299.2,9,39,9.5,1.4,4,3,3.0
66,4.0,264.0,7,38,7.9,1.2,3,1,2.5
71,3.6,255.6,6,32,10.2,0.7,4,2,2.5
40,3.7,148.0,5,34,6.3,0.6,2,1,1.5
55,3.5,192.5,6,33,10.0,1.2,3,3,2.0
49,3.4,166.6,3,41,9.7,0.5,3,2,2.0
77,3.1,238.7,6,33,10.7,1.2,2,3,2.5
39,3.2,124.8,3,27,4.1,0.4,5,2,1.0
89,3.2,284.8,6,35,16.0,1.0,5,3,3.0
52,3.6,187.2,4,36,8.3,0.5,5,2,1.5
16,3.0,48.0,2,34,1.9,0.3,4,1,1.0
21,4.1,86.1,2,41,3.1,0.3,2,1,1.0
96,3.8,364.8,9,41,16.7,1.2,3,2,3.5
48,3.4,163.2,3,35,8.5,0.4,3,2,1.5
31,3.0,93.0,3,28,4.6,0.4,3,1,1.0
57,4.0,228.0,7,31,7.4,0.7,4,1,2.0
73,4.0,292.0,6,45,14.4,1.0,4,2,3.0
65,3.8,247.0,4,38,10.8,0.6,5,2,2.0
68,3.2,217.6,4,31,9.6,0.4,4,1,2.0
38,3.4,129.2,2,32,4.9,0.2,5,3,1.0
39,2.9,113.1,2,25,6.8,0.2,5,1,1.0
85,3.1,263.5,8,28,10.6,1.3,3,2,2.5
66,3.9,257.4,4,36,7.7,0.4,4,2,2.0
84,3.8,319.2,9,27,12.9,1.6,5,3,3.0
47,3.6,169.2,3,37,6.1,0.3,2,1,1.5
63,4.1,258.3,4,44,10.3,0.5,2,2,2.5
43,3.6,154.8,5,30,4.8,0.9,4,1,1.5
77,3.5,269.5,5,35,12.7,0.9,3,2,2.5
36,3.3,118.8,2,28,4.6,0.2,3,3,1.0
40,4.1,164.0,4,44,4.0,0.7,5,1,1.5
42,2.9,121.8,3,40,4.7,0.4,4,1,1.5
99,4.1,405.9,11,31,19.1,2.0,2,3,3.5
63,4.0,252.0,5,35,11.8,0.8,5,2,2.0
85,3.0,255.0,7,25,10.5,1.2,5,2,2.5
95,3.6,342.0,7,31,16.9,1.4,1,1,3.0
98,4.0,392.0,6,36,15.8,0.7,4,3,3.5
63,3.6,226.8,4,31,12.4,0.6,5,1,2.0
34,4.1,139.4,2,31,4.7,0.3,2,1,1.0
100,4.1,410.0,9,34,16.8,0.9,1,2,3.5
77,3.4,261.8,4,40,8.2,0.4,2,2,2.5
75,3.3,247.5,8,32,10.5,0.9,3,2,2.5
63,4.1,258.3,4,33,12.4,0.7,1,2,2.5
85,3.7,314.5,8,33,13.1,1.3,1,2,3.0
15,3.0,45.0,2,26,1.9,0.3,5,3,1.0
27,2.9,78.3,2,37,3.0,0.2,3,1,1.0
65,3.6,234.0,6,37,11.1,0.9,5,3,2.5
70,4.1,287.0,7,28,11.5,1.3,4,1,2.5
97,4.0,388.0,9,36,13.3,1.3,2,2,3.5
76,3.7,281.2,9,41,14.8,1.5,2,3,3.0
46,3.0,138.0,5,26,4.7,0.9,5,1,1.5
44,3.2,140.8,5,37,5.7,0.9,2,2,1.5
43,4.0,172.0,3,42,8.3,0.5,2,2,2.0
63,3.1,195.3,7,39,8.3,1.3,4,3,2.5
59,3.2,188.8,4,32,7.4,0.6,3,3,2.0
44,3.0,132.0,4,39,6.8,0.8,1,3,1.5
30,3.7,111.0,2,25,5.5,0.2,5,2,1.0
54,4.1,221.4,3,44,6.0,0.4,5,1,2.0
33,3.2,105.6,3,34,6.4,0.3,4,1,1.0
32,3.5,112.0,2,36,5.7,0.4,4,3,1.0
15,3.7,55.5,1,29,1.8,0.1,1,1,1.0
92,4.2,386.4,5,33,15.8,0.6,3,2,3.0
61,2.9,176.9,4,32,8.4,0.5,5,1,1.5
80,3.5,280.0,9,40,11.2,1.7,4,2,3.0
52,3.3,171.6,4,38,9.3,0.7,5,3,2.0
65,4.0,260.0,5,37,12.8,0.8,2,1,2.5
77,3.5,269.5,5,45,8.7,0.8,5,2,2.5
18,3.0,54.0,2,37,2.6,0.3,3,3,1.0
15,3.7,55.5,1,29,2.2,0.1,3,3,1.0
22,3.9,85.8,1,40,3.0,0.2,5,3,1.0
43,2.8,120.4,4,35,5.9,0.5,2,3,1.5
69,4.0,276.0,8,29,7.3,1.1,3,1,2.5
17,3.1,52.7,2,37,2.9,0.3,4,2,1.0
46,3.6,165.6,3,35,6.6,0.4,5,1,1.5
24,3.4,81.6,2,43,2.9,0.3,2,2,1.0
88,3.8,334.4,6,27,16.0,0.9,4,3,3.0
97,3.3,320.1,8,39,17.5,0.9,5,1,3.0
48,4.0,192.0,3,31,7.1,0.5,2,3,2.0
69,3.8,262.2,6,31,9.0,0.7,4,2,2.5
46,3.7,170.2,4,30,7.5,0.5,3,3,1.5
64,3.9,249.6,4,27,8.2,0.4,5,1,2.0
21,3.9,81.9,1,37,2.6,0.2,5,1,1.0
22,2.9,63.8,1,31,3.8,0.1,3,2,1.0
79,3.4,268.6,5,29,8.2,0.8,1,2,2.5
71,4.1,291.1,6,42,7.8,1.0,4,1,2.5
81,3.0,243.0,6,32,8.2,1.0,3,1,2.5
73,3.8,277.4,5,41,8.4,0.7,5,1,2.5
86,4.2,361.2,5,44,9.2,0.7,4,1,3.0
68,2.9,197.2,7,25,13.6,1.0,4,2,2.0
81,3.8,307.8,7,38,10.4,1.1,1,1,3.0
65,3.5,227.5,7,41,7.5,1.0,5,2,2.5
22,3.6,79.2,2,34,2.7,0.4,2,1,1.0
48,2.9,139.2,4,36,9.3,0.7,1,1,1.5
49,2.9,142.1,4,40,7.4,0.5,1,3,2.0
92,3.7,340.4,11,38,12.6,1.2,2,3,3.5
46,4.0,184.0,4,40,8.6,0.7,2,1,2.0
60,3.9,234.0,4,32,8.4,0.5,1,2,2.0
30,3.6,108.0,3,34,4.0,0.3,4,1,1.0
82,2.9,237.8,5,41,9.9,0.9,3,3,2.5
51,3.8,193.8,4,42,7.0,0.5,3,1,2.0
68,3.1,210.8,4,44,9.0,0.8,1,3,2.5
99,4.1,405.9,11,40,16.6,1.9,4,1,3.5
28,4.0,112.0,2,41,3.6,0.4,2,1,1.0
69,3.8,262.2,5,40,10.9,0.6,1,2,2.5
62,4.1,254.2,3,43,6.6,0.4,5,3,2.0
96,2.8,268.8,6,32,11.4,0.9,4,3,2.5
21,3.8,79.8,2,30,3.0,0.2,5,3,1.0
88,3.3,290.4,10,30,17.0,1.3,5,2,3.0
21,4.1,86.1,2,45,2.9,0.3,1,1,1.0
47,3.2,150.4,4,33,7.8,0.5,4,2,1.5
37,3.8,140.6,4,28,4.6,0.5,5,1,1.0
99,4.0,396.0,10,36,11.2,1.8,4,2,3.5
33,2.9,95.7,3,36,3.5,0.4,3,2,1.0
33,3.4,112.2,4,41,4.3,0.4,5,3,1.5
50,3.9,195.0,5,39,5.8,0.8,5,2,2.0
43,3.4,146.2,4,33,5.0,0.8,4,1,1.5
74,3.2,236.8,9,31,13.0,1.2,3,2,2.5
96,3.1,297.6,8,34,9.8,0.9,5,2,3.0
16,3.0,48.0,1,40,2.5,0.2,1,1,1.0
15,4.0,60.0,1,36,2.1,0.2,4,3,1.0
61,3.6,219.6,4,31,9.2,0.7,4,1,2.0
83,2.9,240.7,6,42,13.0,1.0,5,1,2.5
34,3.3,112.2,3,39,4.5,0.4,3,1,1.0
25,3.3,82.5,2,30,3.2,0.3,5,2,1.0
16,3.1,49.6,1,36,2.8,0.1,2,2,1.0
81,3.4,275.4,5,35,15.2,0.8,5,1,2.5
26,3.3,85.8,2,44,3.1,0.3,2,1,1.0
34,3.3,112.2,2,27,3.7,0.4,1,3,1.0
19,3.8,72.2,2,26,3.6,0.3,4,2,1.0
51,3.1,158.1,5,30,6.9,0.5,4,2,1.5
52,3.7,192.4,6,29,8.1,0.9,3,2,2.0
23,3.6,82.8,1,42,3.1,0.2,5,2,1.0
67,3.6,241.2,5,40,7.5,0.9,1,1,2.5
58,3.7,214.6,4,32,9.2,0.5,2,1,2.0
100,3.6,360.0,9,44,15.3,1.1,3,3,3.5
38,4.0,152.0,2,35,4.6,0.3,1,2,1.5
95,3.7,351.5,9,34,13.8,1.2,1,2,3.5
88,3.6,316.8,11,36,15.8,2.0,2,1,3.5
44,4.0,176.0,4,45,7.0,0.6,2,3,2.0
73,3.6,262.8,5,30,8.0,0.9,4,1,2.0
95,3.2,304.0,7,44,14.7,1.1,5,2,3.0
95,3.1,294.5,6,29,16.2,1.1,3,2,3.0
28,3.0,84.0,3,33,5.0,0.4,5,3,1.0
23,4.1,94.3,2,40,3.7,0.4,3,1,1.0
54,3.8,205.2,4,38,6.2,0.5,1,2,2.0
80,4.1,328.0,7,32,13.7,1.1,2,2,3.0
39,3.6,140.4,2,44,6.5,0.2,2,3,1.5
87,3.5,304.5,6,43,8.9,0.9,1,2,3.0
36,2.9,104.4,2,38,5.1,0.3,1,2,1.5
18,3.7,66.6,1,31,2.4,0.1,3,1,1.0
40,3.6,144.0,3,29,6.7,0.6,1,3,1.5
72,4.2,302.4,7,42,8.8,0.8,3,3,3.0
43,3.1,133.3,3,26,6.8,0.5,5,3,1.5
51,3.5,178.5,5,35,9.8,1.0,2,1,2.0
89,3.7,329.3,9,32,16.0,0.9,2,3,3.0
84,3.7,310.8,10,25,16.1,1.7,2,2,3.0
32,3.6,115.2,2,36,6.3,0.3,5,3,1.0
99,3.9,386.1,7,26,10.0,0.7,5,2,3.0
56,3.1,173.6,5,42,9.1,0.7,4,3,2.0
55,3.8,209.0,4,31,7.8,0.8,3,3,2.0
52,3.7,192.4,3,41,9.7,0.3,3,1,2.0
48,4.1,196.8,5,38,6.0,0.8,4,3,2.0
31,4.0,124.0,3,31,6.1,0.5,2,3,1.5
51,3.2,163.2,3,27,8.2,0.6,3,1,1.5
39,3.2,124.8,4,30,7.0,0.4,3,2,1.5
90,4.2,378.0,6,44,9.8,1.0,2,3,3.5
100,3.5,350.0,11,26,11.8,1.8,1,3,3.5
99,4.1,405.9,8,41,17.4,1.3,1,2,3.5
41,3.0,123.0,3,36,4.2,0.6,4,1,1.0
71,3.7,262.7,5,36,12.9,0.9,5,3,2.5
45,3.9,175.5,3,41,4.6,0.3,3,1,1.5
20,4.1,82.0,1,34,3.3,0.1,3,2,1.0
54,3.3,178.2,3,27,7.4,0.4,4,2,1.5
26,3.8,98.8,2,44,4.2,0.3,4,1,1.0
67,3.6,241.2,8,42,11.4,1.2,3,2,2.5
85,2.9,246.5,6,37,11.4,0.8,2,2,2.5
24,3.8,91.2,3,36,2.7,0.4,2,3,1.0
59,3.8,224.2,4,41,6.3,0.8,5,1,2.0
31,4.1,127.1,3,28,4.9,0.3,3,3,1.0
40,3.5,140.0,3,34,6.1,0.6,3,1,1.5
99,3.1,306.9,9,35,17.2,1.3,3,3,3.5
76,2.9,220.4,5,30,11.5,0.8,3,2,2.0
60,3.4,204.0,4,30,8.5,0.7,4,1,2.0
78,3.2,249.6,7,33,10.9,1.0,1,1,2.5
16,3.9,62.4,1,39,1.6,0.1,3,1,1.0
68,3.3,224.4,6,26,9.1,0.8,1,1,2.0
79,4.1,323.9,6,28,15.6,0.8,2,2,3.0
65,4.1,266.5,4,29,12.2,0.8,5,2,2.0
67,3.7,247.9,6,41,8.9,1.1,2,2,2.5
50,4.1,205.0,3,32,7.9,0.3,3,3,2.0
40,3.9,156.0,4,32,7.4,0.4,2,2,1.5
43,3.6,154.8,5,36,6.2,0.7,4,3,1.5
35,3.1,108.5,2,45,3.6,0.2,1,3,1.5
25,3.4,85.0,3,32,2.7,0.5,3,2,1.0
54,3.6,194.4,3,43,8.2,0.3,4,2,2.0
25,4.0,100.0,1,27,4.9,0.2,1,2,1.0
50,3.5,175.0,5,42,8.5,0.5,4,3,2.0
73,4.1,299.3,5,45,7.8,0.7,2,1,2.5
53,3.7,196.1,5,43,6.3,0.8,3,2,2.0
68,3.0,204.0,6,43,12.0,0.9,2,3,2.5
69,4.2,289.8,8,39,12.7,1.6,5,3,3.0
38,3.5,133.0,4,30,6.1,0.7,3,2,1.5
36,3.3,118.8,3,40,5.9,0.4,2,3,1.5
83,3.7,307.1,7,32,8.5,0.7,3,2,2.5
70,3.0,210.0,4,40,12.8,0.7,1,3,2.5
47,3.7,173.9,3,42,8.4,0.6,3,1,1.5
50,3.5,175.0,3,44,6.3,0.5,3,3,2.0
34,3.4,115.6,3,40,5.8,0.3,1,2,1.5
97,4.1,397.7,6,35,11.8,1.2,2,1,3.5
95,3.5,332.5,8,31,9.9,1.0,3,2,3.0
76,3.1,235.6,5,41,9.1,0.9,4,3,2.5
87,3.4,295.8,5,41,10.3,1.0,3,1,2.5
40,4.1,164.0,4,36,5.4,0.5,2,1,1.5
80,3.0,240.0,5,37,11.3,1.0,1,3,2.5
87,3.1,269.7,5,34,13.1,0.7,2,1,2.5
87,2.8,243.6,5,31,12.8,1.0,5,1,2.5
54,2.8,151.2,4,38,6.9,0.5,3,1,1.5
31,4.0,124.0,3,25,3.2,0.6,3,2,1.0
15,3.8,57.0,1,41,2.4,0.1,1,2,1.0
75,3.3,247.5,9,28,10.5,1.5,3,1,2.5
57,3.8,216.6,4,45,7.4,0.6,4,3,2.0
56,3.4,190.4,7,29,10.5,1.0,4,3,2.0
39,4.1,159.9,2,44,6.8,0.2,2,2,1.5
53,4.2,222.6,6,31,9.8,1.0,1,3,2.0
49,3.3,161.7,5,34,7.3,0.6,5,1,1.5
17,4.0,68.0,1,41,1.9,0.2,2,3,1.0
58,3.9,226.2,4,31,9.8,0.5,1,2,2.0
65,3.2,208.0,7,25,7.8,1.4,1,2,2.0
26,3.1,80.6,2,31,3.7,0.2,2,1,1.0
33,3.4,112.2,3,35,3.5,0.4,2,2,1.0
58,3.9,226.2,6,33,10.6,0.7,3,2,2.0
73,4.1,299.3,8,36,8.2,1.1,5,2,2.5
63,3.9,245.7,4,27,12.0,0.5,4,3,2.0
75,4.0,300.0,6,28,14.0,0.9,3,2,2.5
31,3.6,111.6,4,28,4.5,0.7,1,3,1.5
88,4.0,352.0,5,37,15.4,0.9,5,2,3.0
71,3.9,276.9,4,43,11.5,0.6,5,2,2.5
69,3.3,227.7,5,34,12.4,0.5,2,3,2.5
61,3.6,219.6,5,29,8.7,0.8,5,3,2.0
26,3.9,101.4,2,31,4.6,0.2,5,1,1.0
76,2.9,220.4,4,40,11.1,0.7,1,1,2.5
94,3.9,366.6,6,25,18.2,0.8,3,3,3.0
97,3.0,291.0,8,36,14.4,1.1,5,2,3.0
22,3.5,77.0,2,26,3.2,0.3,2,1,1.0
35,3.9,136.5,2,31,6.2,0.4,3,3,1.5
95,3.2,304.0,10,35,17.3,1.1,2,3,3.0
94,3.1,291.4,8,37,14.6,1.3,5,2,3.0
84,3.4,285.6,5,26,9.9,0.6,3,3,2.5
86,4.1,352.6,6,31,12.6,1.0,5,1,3.0
39,2.8,109.2,3,39,7.7,0.6,1,2,1.5
96,4.1,393.6,7,35,16.8,1.0,3,3,3.5
26,3.0,78.0,3,26,4.7,0.4,2,3,1.0
29,4.2,121.8,2,31,3.0,0.4,1,2,1.0
73,4.1,299.3,5,28,10.7,0.8,4,2,2.5
40,3.5,140.0,4,35,6.6,0.6,2,2,1.5
40,3.5,140.0,4,26,7.3,0.6,5,1,1.0
61,3.5,213.5,3,40,6.4,0.5,2,1,2.0
46,3.7,170.2,5,31,8.5,0.6,4,3,1.5
24,2.9,69.6,2,37,3.7,0.4,2,3,1.0
30,2.8,84.0,2,29,3.6,0.3,1,2,1.0
85,2.9,246.5,6,41,11.2,0.6,2,3,2.5
31,3.4,105.4,2,45,4.0,0.4,3,3,1.5
37,3.2,118.4,2,36,5.7,0.3,4,2,1.0
40,3.7,148.0,4,43,4.2,0.4,2,1,1.5
99,4.2,415.8,7,31,11.5,1.1,4,1,3.5
100,3.3,330.0,8,30,18.1,1.5,1,1,3.5
21,3.6,75.6,1,32,2.4,0.2,3,3,1.0
28,3.4,95.2,2,37,3.5,0.4,5,2,1.0
93,4.0,372.0,7,29,13.5,1.3,2,1,3.0
21,4.1,86.1,2,26,3.2,0.2,1,3,1.0
23,4.0,92.0,2,33,4.1,0.3,4,2,1.0
62,4.2,260.4,4,35,9.0,0.7,4,1,2.0
86,2.8,240.8,6,30,15.4,0.8,1,1,2.5
73,4.0,292.0,5,31,11.8,0.8,2,2,2.5
96,3.9,374.4,8,31,10.7,1.3,5,3,3.0
53,3.1,164.3,4,43,6.1,0.5,2,3,2.0
32,4.1,131.2,2,30,4.6,0.4,3,1,1.0
73,3.0,219.0,4,35,10.2,0.6,2,2,2.0
31,3.8,117.8,2,35,5.4,0.3,3,3,1.0
28,3.1,86.8,2,31,4.4,0.4,4,2,1.0
45,3.4,153.0,3,26,6.2,0.4,3,2,1.5
38,3.8,144.4,3,43,4.4,0.4,5,1,1.5
74,3.6,266.4,5,28,9.1,0.8,1,2,2.5
59,3.4,200.6,3,30,9.3,0.5,3,2,2.0
17,3.3,56.1,1,41,2.4,0.2,2,2,1.0
51,4.0,204.0,3,29,7.7,0.5,3,3,2.0
57,3.0,171.0,4,31,6.7,0.7,4,1,1.5
54,3.4,183.6,4,33,9.0,0.5,3,1,1.5
69,4.1,282.9,7,25,12.8,1.3,5,2,2.5
53,4.0,212.0,4,25,6.7,0.8,3,2,2.0
29,3.4,98.6,2,43,4.3,0.2,5,3,1.0
18,3.9,70.2,1,30,3.6,0.1,2,1,1.0
100,4.0,400.0,7,42,13.3,1.4,4,3,3.5
39,4.0,156.0,2,34,6.2,0.4,1,1,1.5
27,3.6,97.2,2,35,2.9,0.4,2,3,1.0
96,3.1,297.6,7,25,15.4,1.3,2,2,3.0
47,3.2,150.4,3,25,5.1,0.5,1,3,1.5
30,3.2,96.0,2,37,5.9,0.3,3,2,1.0
56,3.6,201.6,6,29,9.6,0.9,3,1,2.0
80,2.8,224.0,6,44,14.3,0.6,3,1,2.5
69,3.7,255.3,5,25,11.8,0.9,4,2,2.0
56,3.3,184.8,5,44,8.9,0.8,2,1,2.0
48,3.2,153.6,4,27,7.0,0.7,5,3,1.5
44,4.0,176.0,4,42,8.2,0.6,1,2,2.0
27,3.4,91.8,3,33,5.3,0.4,2,1,1.0
27,2.9,78.3,2,38,4.0,0.2,3,3,1.0
32,4.0,128.0,4,41,6.2,0.5,1,3,1.5
46,2.9,133.4,3,38,7.3,0.3,5,1,1.5
53,3.8,201.4,3,28,8.2,0.4,2,1,1.5
60,3.9,234.0,4,29,8.7,0.8,2,3,2.0
43,3.3,141.9,4,45,5.2,0.5,4,2,1.5
76,4.0,304.0,9,41,7.6,1.1,2,1,3.0
76,3.5,266.0,8,26,9.4,1.3,2,1,2.5
71,3.4,241.4,5,29,10.7,0.8,5,2,2.0
30,2.9,87.0,3,28,4.1,0.3,5,2,1.0
70,3.2,224.0,5,28,10.1,0.9,1,1,2.0
24,4.1,98.4,2,30,4.8,0.4,3,2,1.0
44,3.3,145.2,3,44,5.9,0.4,5,3,1.5
39,3.6,140.4,3,45,5.7,0.4,1,3,1.5
98,3.5,343.0,9,37,11.1,1.7,2,3,3.5
19,3.6,68.4,1,29,2.0,0.2,1,1,1.0
79,2.9,229.1,7,31,14.0,1.2,1,2,2.5
63,3.3,207.9,7,44,9.9,0.8,1,3,2.5
17,3.8,64.6,1,25,3.0,0.1,1,2,1.0
59,3.1,182.9,4,38,6.8,0.6,5,3,2.0
28,3.1,86.8,2,28,4.4,0.2,3,2,1.0
44,2.8,123.2,4,41,5.5,0.6,1,3,1.5
82,3.4,278.8,7,45,10.1,1.1,4,3,3.0
32,4.0,128.0,3,38,3.2,0.4,2,3,1.5
76,2.9,220.4,9,40,8.6,1.6,2,3,2.5
51,3.1,158.1,3,38,6.7,0.6,2,3,2.0
39,3.2,124.8,3,40,4.4,0.4,2,3,1.5
62,3.8,235.6,6,44,12.3,1.1,2,3,2.5
79,3.7,292.3,6,32,10.3,0.7,1,3,2.5
67,3.4,227.8,7,27,7.6,1.3,3,3,2.5
93,3.9,362.7,6,43,11.2,0.7,4,2,3.0
87,3.7,321.9,10,25,13.8,1.1,5,2,3.0
29,4.1,118.9,4,26,3.1,0.7,4,1,1.0
63,3.9,245.7,5,39,11.7,0.7,5,3,2.5
82,3.2,262.4,6,34,16.1,1.1,5,2,2.5
26,3.2,83.2,2,42,3.2,0.3,4,2,1.0
73,3.0,219.0,9,38,10.6,1.2,1,2,2.5
51,3.3,168.3,5,41,5.2,0.8,2,2,2.0
75,4.2,315.0,6,37,12.3,0.9,1,2,3.0
57,3.4,193.8,6,25,8.1,0.8,2,2,2.0
84,3.1,260.4,5,29,10.7,0.8,3,1,2.5
53,3.9,206.7,6,37,6.4,1.1,5,2,2.0
70,3.6,252.0,5,38,11.6,0.9,4,1,2.5
77,3.0,231.0,5,27,10.9,1.0,3,1,2.0
60,3.3,198.0,6,39,7.1,0.8,2,3,2.0
25,3.4,85.0,2,43,4.2,0.3,1,3,1.0
76,3.9,296.4,5,41,11.9,0.7,4,3,2.5
91,2.8,254.8,9,27,16.9,1.5,5,2,2.5
39,3.2,124.8,2,40,4.4,0.3,3,3,1.5
85,3.5,297.5,6,38,15.2,1.2,5,2,3.0
66,3.2,211.2,6,36,11.0,1.0,2,2,2.5
18,3.7,66.6,1,36,2.0,0.2,5,3,1.0
73,3.5,255.5,7,35,12.4,1.3,1,3,2.5
86,3.3,283.8,6,41,12.4,1.1,3,1,3.0
34,4.1,139.4,2,32,6.6,0.4,3,1,1.0
77,3.7,284.9,5,41,8.8,0.7,1,2,2.5
68,3.0,204.0,4,45,11.2,0.5,5,2,2.0
88,3.6,316.8,6,44,12.2,0.8,1,3,3.0
71,3.9,276.9,5,35,13.9,0.5,4,3,2.5
55,3.8,209.0,5,26,7.3,0.8,1,1,2.0
17,3.0,51.0,1,34,3.3,0.2,5,3,1.0
20,4.2,84.0,2,34,3.8,0.3,1,2,1.0
19,3.4,64.6,1,35,2.4,0.2,2,3,1.0
19,3.0,57.0,2,30,3.4,0.4,1,1,1.0
68,3.1,210.8,8,28,13.6,0.9,1,2,2.5
61,2.9,176.9,7,36,7.6,1.0,5,1,2.0
63,3.9,245.7,5,35,9.1,0.7,4,1,2.0
23,3.0,69.0,2,37,3.5,0.3,4,2,1.0
34,3.0,102.0,3,29,4.4,0.5,5,1,1.0
75,4.0,300.0,5,30,7.6,0.8,5,3,2.5
49,3.3,161.7,4,25,6.0,0.6,5,3,1.5
64,2.8,179.2,4,30,8.2,0.7,2,1,2.0
96,2.9,278.4,9,42,13.9,1.6,3,3,3.0
76,3.0,228.0,8,33,8.9,0.9,1,1,2.5
31,3.1,96.1,2,39,5.8,0.3,5,3,1.0
17,3.7,62.9,1,32,2.9,0.1,5,1,1.0
46,3.0,138.0,6,43,5.0,0.8,5,3,1.5
27,3.0,81.0,2,40,4.5,0.2,4,2,1.0
87,3.9,339.3,10,30,14.4,1.5,5,2,3.0
82,3.7,303.4,6,30,16.0,0.8,1,3,3.0
28,3.4,95.2,2,27,2.8,0.3,5,1,1.0
25,3.6,90.0,2,34,3.1,0.3,1,3,1.0
70,3.2,224.0,4,25,13.5,0.7,2,1,2.0
81,3.5,283.5,7,38,15.7,0.9,3,3,3.0
43,3.5,150.5,2,28,7.4,0.2,4,3,1.5
23,3.3,75.9,2,36,4.1,0.4,1,2,1.0
81,4.1,332.1,6,30,8.8,0.6,2,1,2.5
39,2.8,109.2,3,35,5.9,0.6,3,1,1.0
90,3.9,351.0,6,36,11.1,1.0,3,1,3.0
56,3.0,168.0,4,34,6.6,0.5,3,1,1.5
23,3.9,89.7,2,42,4.2,0.2,1,1,1.0
93,3.7,344.1,11,31,10.6,1.1,2,2,3.0
54,4.0,216.0,7,31,7.9,0.9,5,3,2.0
39,2.9,113.1,3,35,7.6,0.3,2,1,1.0
19,3.6,68.4,2,28,2.3,0.3,2,1,1.0
25,3.5,87.5,2,44,4.9,0.2,2,3,1.0
73,3.8,277.4,8,25,14.6,1.2,1,2,2.5
93,3.5,325.5,6,37,14.5,1.0,1,2,3.0
52,3.6,187.2,3,42,6.1,0.4,1,2,2.0
86,3.4,292.4,5,33,11.3,0.5,2,3,2.5
19,3.2,60.8,1,33,2.7,0.1,1,3,1.0
62,3.5,217.0,4,33,8.1,0.4,3,2,2.0
32,3.0,96.0,2,34,4.1,0.3,1,2,1.0
84,4.1,344.4,7,26,16.6,0.9,4,3,3.0
51,3.8,193.8,5,30,5.9,0.9,1,2,2.0
74,4.1,303.4,4,39,12.8,0.6,1,1,2.5
62,3.1,192.2,5,27,6.2,0.7,1,3,2.0
91,4.0,364.0,7,35,14.5,1.1,1,2,3.5
42,3.9,163.8,4,30,8.0,0.7,4,1,1.5
83,3.7,307.1,9,27,10.7,1.1,5,3,3.0
91,3.7,336.7,6,35,10.8,0.7,1,3,3.0
95,3.2,304.0,7,39,15.7,1.1,3,1,3.0
54,3.9,210.6,5,37,9.2,0.7,4,3,2.0
59,3.5,206.5,6,44,10.0,0.9,5,2,2.0
76,2.9,220.4,6,34,10.0,1.0,1,3,2.5
72,3.2,230.4,5,30,9.0,0.7,5,2,2.0
81,4.1,332.1,8,39,15.8,1.3,3,1,3.0
70,4.0,280.0,4,42,13.5,0.6,4,1,2.5
54,4.2,226.8,6,42,7.9,1.0,4,3,2.5
54,3.7,199.8,5,31,10.0,0.9,5,1,2.0
91,3.1,282.1,6,39,13.2,0.9,1,1,3.0
47,3.0,141.0,4,42,6.7,0.7,2,3,2.0
20,3.1,62.0,1,42,2.3,0.2,4,2,1.0
33,2.8,92.4,2,44,4.7,0.3,2,3,1.5
94,3.3,310.2,6,33,14.5,0.8,4,3,3.0
54,3.1,167.4,6,26,5.5,1.1,1,2,2.0
73,3.4,248.2,8,32,10.5,1.3,1,2,2.5
73,4.1,299.3,7,44,13.0,0.7,4,2,3.0
62,3.4,210.8,5,26,10.4,0.9,5,3,2.0
55,4.0,220.0,4,35,9.0,0.4,1,2,2.0
27,3.6,97.2,2,31,5.2,0.3,1,1,1.0
59,3.1,182.9,4,30,6.0,0.7,3,2,2.0
67,3.3,221.1,4,34,10.4,0.8,1,1,2.0
56,2.9,162.4,4,29,10.0,0.4,3,2,1.5
77,3.3,254.1,7,35,11.9,1.1,1,1,2.5
41,3.7,151.7,4,25,5.4,0.6,1,1,1.5
52,2.9,150.8,3,26,5.9,0.4,5,1,1.5
74,3.1,229.4,7,25,14.0,0.8,5,1,2.0
21,3.3,69.3,2,43,3.1,0.3,1,1,1.0
19,4.2,79.8,1,26,3.6,0.1,4,2,1.0
59,3.9,230.1,4,45,9.4,0.4,4,3,2.0
72,3.8,273.6,8,44,12.1,1.3,1,3,3.0
45,3.0,135.0,3,45,8.1,0.5,4,3,1.5
37,3.9,144.3,2,28,6.1,0.4,1,3,1.5
56,3.9,218.4,4,36,7.8,0.8,5,3,2.0
24,3.6,86.4,3,44,3.6,0.4,2,1,1.0
46,4.2,193.2,5,42,8.3,1.0,3,2,2.0
67,3.3,221.1,4,25,9.2,0.7,4,1,2.0
44,4.1,180.4,3,25,6.1,0.4,4,2,1.5
53,4.1,217.3,3,38,5.8,0.3,5,2,2.0
45,2.8,126.0,3,28,8.6,0.4,4,2,1.5
96,3.4,326.4,10,29,10.5,1.4,1,2,3.0
16,4.2,67.2,2,35,2.6,0.3,1,3,1.0
92,2.9,266.8,6,37,13.0,1.0,2,2,3.0
91,3.6,327.6,9,40,12.8,1.6,2,2,3.5
26,4.2,109.2,2,37,4.4,0.3,2,3,1.0
53,3.6,190.8,4,26,5.7,0.4,1,1,1.5
80,3.1,248.0,10,40,12.7,1.9,2,1,3.0
27,3.6,97.2,3,30,4.8,0.4,2,1,1.0
60,3.1,186.0,5,38,11.0,1.0,1,1,2.0
41,3.5,143.5,4,25,4.8,0.4,5,2,1.0
31,2.9,89.9,3,41,5.9,0.6,4,3,1.5
74,3.6,266.4,5,35,12.3,0.5,3,3,2.5
78,3.5,273.0,5,43,14.7,0.6,1,1,2.5
49,3.8,186.2,5,27,7.3,0.5,1,3,2.0
84,3.7,310.8,5,35,13.0,0.9,3,2,3.0
97,3.6,349.2,8,29,18.6,1.5,3,1,3.0
44,3.8,167.2,3,41,8.4,0.4,2,2,1.5
85,3.0,255.0,5,31,12.3,1.0,3,2,2.5
88,3.6,316.8,6,34,11.2,1.0,4,2,3.0
77,3.0,231.0,5,35,10.7,0.8,4,2,2.5
42,4.1,172.2,4,27,5.8,0.7,4,2,1.5
74,2.9,214.6,9,44,9.5,1.2,4,1,2.5
93,3.4,316.2,5,34,11.8,0.7,4,2,3.0
51,3.8,193.8,4,34,9.5,0.8,2,1,2.0
36,3.4,122.4,3,38,3.9,0.6,1,3,1.5
82,2.9,237.8,5,36,13.8,1.0,3,2,2.5
34,3.6,122.4,2,39,4.0,0.4,1,2,1.5
82,3.7,303.4,5,34,11.0,0.6,3,3,2.5
78,3.8,296.4,7,34,8.3,1.3,2,1,2.5
31,3.3,102.3,2,43,3.9,0.3,2,2,1.0
26,3.6,93.6,3,25,4.6,0.6,5,3,1.0
36,3.4,122.4,4,34,6.8,0.6,5,3,1.5
31,3.7,114.7,2,26,3.8,0.3,2,2,1.0
24,3.6,86.4,3,41,3.5,0.5,2,1,1.0
79,3.5,276.5,7,31,11.6,0.9,3,1,2.5
36,3.1,111.6,2,31,6.7,0.2,2,2,1.0
96,2.8,268.8,8,44,16.9,1.5,1,3,3.5
64,3.0,192.0,7,33,9.7,1.3,3,2,2.0
28,3.0,84.0,3,26,4.7,0.3,2,1,1.0
78,3.4,265.2,6,38,14.4,1.1,3,3,3.0
61,3.7,225.7,5,41,6.2,0.8,3,2,2.0
43,3.1,133.3,3,25,6.0,0.4,4,3,1.5
90,4.1,369.0,6,33,17.2,0.8,5,1,3.0
50,2.8,140.0,4,44,8.7,0.7,3,1,1.5
66,3.9,257.4,4,45,10.2,0.7,3,1,2.5
90,3.7,333.0,10,43,13.8,1.5,4,2,3.5
21,3.3,69.3,2,28,2.8,0.3,2,3,1.0
43,2.9,124.7,3,32,6.5,0.3,3,2,1.5
25,3.7,92.5,2,37,4.1,0.3,4,2,1.0
47,3.3,155.1,3,28,6.7,0.4,1,2,1.5
20,4.1,82.0,2,33,3.4,0.2,4,2,1.0
93,3.6,334.8,6,33,17.3,1.0,5,3,3.0
46,4.1,188.6,4,42,5.3,0.8,5,3,2.0
65,3.1,201.5,5,36,9.4,0.7,2,2,2.0
89,3.8,338.2,8,34,12.5,1.0,2,2,3.0
72,3.7,266.4,5,35,12.1,0.8,5,1,2.5
40,3.8,152.0,3,31,5.0,0.6,5,1,1.5
60,3.1,186.0,3,33,9.8,0.5,3,3,2.0
43,3.7,159.1,4,30,8.1,0.7,5,1,1.5
18,3.5,63.0,2,43,2.6,0.3,2,3,1.0
95,3.8,361.0,8,40,18.2,1.4,5,3,3.5
27,3.3,89.1,2,39,5.4,0.2,2,3,1.0
53,4.0,212.0,3,31,5.9,0.4,1,1,2.0
29,2.9,84.1,3,40,3.6,0.4,5,1,1.0
43,3.9,167.7,3,29,8.4,0.5,2,3,1.5
43,4.0,172.0,4,40,8.4,0.8,4,3,2.0
89,3.9,347.1,6,25,9.8,1.1,3,2,3.0
46,3.5,161.0,3,43,4.7,0.3,2,3,1.5
16,3.4,54.4,2,29,1.9,0.2,5,3,1.0
61,4.2,256.2,5,31,12.2,0.7,5,2,2.0
92,3.1,285.2,5,43,10.9,0.6,1,3,3.0
98,3.6,352.8,6,29,14.7,1.0,4,3,3.0
36,3.7,133.2,3,41,6.7,0.6,2,3,1.5
89,3.8,338.2,7,32,9.1,1.4,4,2,3.0
41,3.1,127.1,4,25,6.6,0.7,1,1,1.5
81,3.7,299.7,6,26,10.3,1.1,3,3,2.5
95,3.9,370.5,6,39,17.7,0.9,4,2,3.5
70,2.9,203.0,5,44,9.0,0.6,1,3,2.5
35,4.1,143.5,3,42,5.9,0.5,2,2,1.5
61,2.8,170.8,6,35,10.2,0.9,3,3,2.0
94,3.3,310.2,9,34,11.5,1.6,5,2,3.0
73,2.8,204.4,8,28,7.6,1.0,1,1,2.0
98,2.9,284.2,11,29,13.8,1.5,5,1,3.0
20,4.1,82.0,2,28,2.6,0.3,3,1,1.0
33,3.3,108.9,4,37,6.0,0.8,1,3,1.5
71,3.4,241.4,7,37,12.8,1.0,1,2,2.5
83,3.1,257.3,6,42,12.1,1.1,3,3,3.0
17,3.6,61.2,2,26,2.7,0.4,2,3,1.0
15,3.6,54.0,2,40,2.4,0.3,1,2,1.0
72,3.3,237.6,6,25,13.2,0.9,3,3,2.5
52,3.3,171.6,5,43,7.4,0.9,4,2,2.0
29,4.0,116.0,2,33,3.7,0.3,5,2,1.0
48,3.3,158.4,5,27,6.1,1.0,1,1,1.5
75,3.5,262.5,5,31,11.5,0.6,4,1,2.0
49,3.2,156.8,3,34,7.1,0.3,1,1,1.5
78,3.9,304.2,5,25,11.2,0.9,2,2,2.5
39,3.4,132.6,3,34,4.3,0.6,3,1,1.5
38,3.5,133.0,2,45,6.5,0.4,1,2,1.5
26,3.2,83.2,2,33,3.2,0.3,3,3,1.0
32,4.2,134.4,4,39,3.8,0.8,1,1,1.5
29,3.2,92.8,2,39,4.1,0.4,2,2,1.0
94,3.9,366.6,6,27,11.5,1.1,2,2,3.0
41,3.4,139.4,4,29,6.5,0.6,4,2,1.5
86,3.1,266.6,10,33,11.8,1.4,2,2,3.0
74,3.9,288.6,5,33,10.7,1.0,3,1,2.5
60,3.3,198.0,4,31,9.2,0.6,2,1,2.0
31,4.0,124.0,3,36,3.7,0.5,1,1,1.5
67,4.1,274.7,5,33,7.7,0.7,2,2,2.5
22,4.0,88.0,2,30,4.1,0.3,3,3,1.0
93,2.8,260.4,6,26,13.3,0.9,1,2,2.5
41,3.9,159.9,4,33,5.8,0.4,4,3,1.5
60,3.4,204.0,5,41,6.2,0.9,4,1,2.0
64,4.0,256.0,4,25,9.6,0.6,4,2,2.0
85,3.7,314.5,7,43,13.2,1.1,1,2,3.0
17,4.0,68.0,1,30,2.7,0.1,4,1,1.0
78,3.5,273.0,6,29,13.3,0.6,2,2,2.5
58,3.5,203.0,5,26,6.8,0.6,1,3,2.0
67,3.0,201.0,5,33,8.4,0.9,1,3,2.0
38,3.9,148.2,4,38,6.9,0.4,1,3,1.5
74,3.4,251.6,6,28,14.4,1.1,5,2,2.5
17,3.5,59.5,2,28,1.9,0.2,3,2,1.0
34,3.9,132.6,2,45,5.1,0.2,5,3,1.5
60,3.6,216.0,3,39,7.3,0.4,5,2,2.0
29,3.1,89.9,2,32,3.1,0.2,5,3,1.0
39,3.6,140.4,3,28,5.2,0.5,3,1,1.0
92,3.4,312.8,9,40,10.5,1.7,5,3,3.0
85,3.5,297.5,7,45,14.5,1.1,4,1,3.0
31,2.8,86.8,2,28,4.8,0.2,1,1,1.0
98,3.1,303.8,10,40,11.2,1.3,1,1,3.0
23,3.2,73.6,1,36,2.3,0.1,2,3,1.0
52,3.8,197.6,5,40,9.4,1.0,4,3,2.0
62,2.8,173.6,3,43,7.3,0.4,3,2,2.0
74,3.4,251.6,5,32,11.9,0.9,1,2,2.5
77,4.1,315.7,5,30,10.3,0.7,5,1,2.5
100,3.0,300.0,9,34,15.9,1.2,2,3,3.0
16,3.5,56.0,2,29,2.1,0.3,2,2,1.0
86,3.9,335.4,7,42,9.3,0.7,1,2,3.0
25,4.1,102.5,2,34,3.1,0.4,4,2,1.0
78,3.8,296.4,9,34,9.3,1.1,2,3,3.0
91,3.8,345.8,7,31,13.0,1.2,1,2,3.0
95,4.0,380.0,8,42,15.8,0.9,4,1,3.5
86,3.4,292.4,6,25,10.9,1.2,1,3,3.0
35,3.9,136.5,2,31,3.5,0.2,1,2,1.0
32,2.8,89.6,3,45,4.9,0.6,4,2,1.0
78,4.1,319.8,4,25,12.5,0.7,4,3,2.5
96,3.4,326.4,10,39,18.8,2.0,4,2,3.5
52,3.6,187.2,4,28,8.3,0.6,1,2,2.0
46,3.2,147.2,4,44,6.8,0.7,2,1,1.5
25,3.8,95.0,2,34,3.9,0.3,3,3,1.0
59,2.9,171.1,7,33,11.4,0.8,3,2,2.0
47,4.0,188.0,4,26,8.6,0.6,1,3,2.0
55,4.0,220.0,4,38,7.3,0.5,1,3,2.0
22,3.1,68.2,2,40,2.7,0.4,2,1,1.0
25,3.9,97.5,2,25,3.2,0.2,4,1,1.0
100,3.9,390.0,6,26,15.0,1.0,1,3,3.5
65,3.7,240.5,4,31,11.3,0.7,5,1,2.0
55,3.3,181.5,7,34,8.3,1.1,4,1,2.0
31,3.2,99.2,3,44,3.3,0.5,1,2,1.5
90,3.1,279.0,8,25,15.5,0.9,5,1,2.5
60,3.2,192.0,5,37,10.8,0.8,2,1,2.0
46,4.1,188.6,4,25,5.9,0.5,5,2,1.5
93,2.9,269.7,9,29,15.5,1.7,1,2,3.0
94,4.0,376.0,5,40,13.4,0.9,3,3,3.5
68,3.3,224.4,4,39,12.8,0.8,1,1,2.5
100,3.5,350.0,12,41,18.5,1.2,3,2,3.5
34,3.9,132.6,3,40,5.2,0.4,2,1,1.5
47,4.0,188.0,4,37,8.0,0.5,2,3,2.0
88,3.3,290.4,8,35,16.6,0.8,4,1,3.0
54,3.4,183.6,4,41,8.1,0.5,4,1,2.0
46,3.4,156.4,3,41,6.0,0.5,3,1,1.5
16,2.8,44.8,1,26,2.8,0.1,3,2,1.0
47,3.2,150.4,3,37,5.7,0.5,2,2,1.5
91,3.4,309.4,7,38,12.6,1.3,5,3,3.0
44,3.4,149.6,3,35,8.2,0.5,3,1,1.5
47,3.8,178.6,4,34,8.1,0.6,3,3,2.0
91,3.3,300.3,7,27,12.8,1.0,5,3,3.0
40,3.5,140.0,3,41,4.9,0.4,4,2,1.5
36,3.4,122.4,4,39,4.9,0.5,4,1,1.5
80,3.8,304.0,8,33,10.3,1.3,3,1,3.0
52,4.0,208.0,5,34,6.1,0.7,4,3,2.0
60,3.5,210.0,3,32,10.5,0.6,4,1,2.0
29,3.9,113.1,3,45,3.6,0.5,4,2,1.5
58,3.2,185.6,5,37,8.4,0.8,2,3,2.0
63,3.6,226.8,5,42,8.7,0.7,1,3,2.5
89,3.3,293.7,6,29,17.6,0.7,3,2,2.5
75,3.4,255.0,8,30,10.4,1.4,3,2,2.5
81,3.8,307.8,5,41,8.7,0.7,2,2,3.0
20,4.0,80.0,1,35,2.2,0.1,1,2,1.0
23,3.0,69.0,2,44,3.7,0.2,1,2,1.0
20,3.7,74.0,1,40,3.2,0.1,2,2,1.0
87,3.6,313.2,11,33,12.3,2.0,5,3,3.0
46,3.0,138.0,4,26,6.6,0.5,5,1,1.0
55,3.1,170.5,3,29,5.8,0.5,1,1,1.5
90,3.2,288.0,10,25,13.6,1.5,5,3,3.0
22,3.0,66.0,2,28,3.3,0.3,5,1,1.0
86,3.1,266.6,6,28,9.9,1.1,5,1,2.5
64,3.2,204.8,6,27,7.1,1.1,1,3,2.0
76,3.3,250.8,4,33,8.5,0.6,5,1,2.0
98,3.8,372.4,11,36,10.8,1.1,3,1,3.5
76,3.6,273.6,5,34,12.2,0.7,1,3,2.5
21,4.2,88.2,2,26,2.5,0.3,2,1,1.0
89,3.4,302.6,6,35,11.1,0.9,5,2,2.5
98,3.9,382.2,9,34,11.5,1.5,4,3,3.5
94,4.0,376.0,7,30,18.4,0.8,1,1,3.0
18,3.8,68.4,1,42,3.3,0.2,2,1,1.0
20,3.4,68.0,2,26,2.5,0.2,3,2,1.0
72,3.9,280.8,6,26,9.6,1.1,2,3,2.5
36,3.1,111.6,3,34,4.4,0.4,5,3,1.0
40,3.3,132.0,3,40,6.0,0.5,4,1,1.5
17,3.6,61.2,1,36,1.7,0.1,5,2,1.0
55,3.6,198.0,3,25,9.2,0.4,2,2,1.5
74,2.8,207.2,7,45,11.3,1.2,1,2,2.5
28,4.1,114.8,2,32,5.3,0.2,4,2,1.0
89,3.8,338.2,6,40,10.4,1.1,4,2,3.0
96,3.5,336.0,6,42,17.3,1.0,2,2,3.5
26,4.1,106.6,2,37,4.7,0.3,5,3,1.0
26,3.4,88.4,1,39,2.9,0.1,2,1,1.0
27,4.2,113.4,2,45,3.8,0.3,4,1,1.0
39,3.5,136.5,4,36,4.6,0.6,2,2,1.5
59,3.0,177.0,7,32,7.4,1.0,4,3,2.0
33,3.9,128.7,2,34,4.2,0.3,5,3,1.0
69,3.8,262.2,4,38,10.7,0.6,1,2,2.5
59,3.9,230.1,6,29,8.3,0.7,1,1,2.0
22,4.1,90.2,2,42,4.3,0.2,2,2,1.0
67,3.9,261.3,8,43,7.5,0.8,4,3,2.5
69,3.7,255.3,4,39,13.6,0.5,1,2,2.5
46,4.0,184.0,4,30,5.7,0.7,4,1,1.5
65,3.7,240.5,5,35,11.5,0.9,5,1,2.0
58,3.4,197.2,4,45,7.8,0.5,2,3,2.0
96,4.0,384.0,6,35,11.0,1.2,4,2,3.0
84,3.1,260.4,6,44,15.6,0.9,2,2,3.0
32,3.8,121.6,2,44,4.2,0.4,4,3,1.5
97,4.0,388.0,10,45,16.1,1.7,4,2,3.5
36,3.8,136.8,3,42,5.6,0.5,5,3,1.5
51,3.8,193.8,3,42,7.5,0.3,2,2,2.0
70,3.9,273.0,4,34,10.5,0.5,3,1,2.5
73,3.5,255.5,7,26,12.6,0.7,4,3,2.5
17,4.0,68.0,2,33,1.8,0.3,4,2,1.0
42,3.1,130.2,5,38,7.0,0.7,1,2,1.5
88,3.0,264.0,7,43,16.7,1.3,2,2,3.0
49,3.2,156.8,3,34,5.2,0.4,3,3,1.5
75,3.5,262.5,9,28,8.6,1.6,5,1,2.5
68,3.5,238.0,5,30,11.7,0.6,3,2,2.0
77,3.9,300.3,7,38,11.1,0.8,5,3,2.5
93,3.4,316.2,11,28,13.1,1.5,3,2,3.0
21,3.5,73.5,2,39,2.4,0.3,3,1,1.0
90,2.8,252.0,9,40,13.6,1.2,2,1,3.0
63,3.4,214.2,5,31,7.1,0.9,1,1,2.0
99,3.7,366.3,7,41,14.6,0.8,3,3,3.5
45,2.8,126.0,3,43,7.9,0.4,4,2,1.5
72,3.2,230.4,8,43,9.1,1.5,4,3,2.5
75,3.1,232.5,4,41,11.1,0.4,4,2,2.5
38,2.9,110.2,3,30,7.6,0.6,1,3,1.5
34,3.5,119.0,2,35,5.7,0.4,3,2,1.0
51,3.1,158.1,6,40,9.4,0.7,5,3,2.0
18,3.8,68.4,2,32,2.5,0.3,5,2,1.0
34,4.0,136.0,4,35,6.0,0.5,2,3,1.5
74,3.6,266.4,7,31,7.7,1.2,1,1,2.5
38,4.2,159.6,3,43,4.3,0.5,3,3,1.5
64,3.4,217.6,4,34,7.7,0.7,4,1,2.0
63,3.5,220.5,5,33,8.8,0.9,1,1,2.0
65,4.2,273.0,6,28,12.0,0.7,1,2,2.5
50,3.1,155.0,4,39,6.7,0.7,3,1,1.5
80,4.1,328.0,9,37,13.2,1.5,2,1,3.0
93,2.9,269.7,7,26,15.9,1.1,2,2,3.0
48,3.4,163.2,4,26,7.6,0.8,2,3,1.5
50,2.9,145.0,3,40,6.8,0.5,4,3,1.5
20,3.8,76.0,1,33,3.2,0.1,4,1,1.0
53,3.7,196.1,5,37,7.1,0.7,3,3,2.0
56,3.8,212.8,4,27,6.1,0.6,2,1,2.0
72,3.3,237.6,4,33,14.3,0.4,3,3,2.5
26,3.3,85.8,2,37,2.9,0.4,2,3,1.0
17,2.9,49.3,1,45,1.8,0.1,1,3,1.0
32,3.3,105.6,2,26,6.0,0.3,5,1,1.0
54,4.1,221.4,6,32,7.0,0.9,5,2,2.0
35,3.3,115.5,2,33,5.8,0.2,2,3,1.5
29,4.0,116.0,3,40,3.9,0.6,3,3,1.5
40,4.0,160.0,3,26,5.6,0.6,4,3,1.5
22,3.3,72.6,1,30,2.8,0.2,2,1,1.0
56,3.7,207.2,5,32,7.5,0.6,2,2,2.0
58,2.9,168.2,5,29,8.2,0.6,4,1,1.5
28,2.9,81.2,2,33,4.8,0.3,2,3,1.0
92,2.9,266.8,5,25,13.9,0.6,1,1,2.5
16,3.6,57.6,1,33,3.1,0.2,4,3,1.0
51,3.4,173.4,3,34,5.3,0.6,1,3,2.0
83,3.6,298.8,6,28,12.5,0.9,5,1,2.5
52,3.5,182.0,3,27,8.2,0.6,4,3,1.5
55,3.3,181.5,5,34,10.6,0.8,4,3,2.0
76,3.7,281.2,6,39,8.0,0.9,3,2,2.5
74,3.9,288.6,5,35,11.6,0.9,3,1,2.5
28,2.8,78.4,2,38,5.2,0.3,4,1,1.0
98,3.1,303.8,11,30,12.2,2.1,5,3,3.0
16,3.8,60.8,2,36,3.0,0.3,2,3,1.0
84,3.3,277.2,9,37,8.6,1.0,3,1,2.5
31,3.7,114.7,2,41,5.4,0.4,5,1,1.0
42,3.3,138.6,3,40,8.1,0.5,5,1,1.5
80,3.3,264.0,5,27,13.3,0.9,3,3,2.5
49,3.0,147.0,4,26,7.1,0.8,2,2,1.5
19,3.2,60.8,2,35,2.0,0.2,3,2,1.0
79,3.6,284.4,7,33,15.2,1.1,5,3,2.5
54,3.4,183.6,3,27,7.9,0.4,1,3,2.0
90,3.9,351.0,6,42,9.3,1.0,3,3,3.0
70,4.0,280.0,4,44,11.8,0.7,5,1,2.5
50,3.6,180.0,3,39,7.4,0.4,3,3,2.0
59,3.9,230.1,4,38,6.6,0.6,5,1,2.0
37,3.2,118.4,3,26,4.5,0.5,2,2,1.0
61,3.4,207.4,4,41,6.5,0.5,5,3,2.0
45,3.8,171.0,3,32,7.1,0.5,4,3,1.5
25,3.3,82.5,3,34,4.1,0.5,1,1,1.0
24,3.6,86.4,2,42,3.6,0.4,5,1,1.0
81,3.1,251.1,5,43,14.7,0.7,3,1,2.5
28,3.6,100.8,2,32,5.2,0.2,3,2,1.0
94,4.0,376.0,9,32,15.2,1.4,5,2,3.5
88,4.0,352.0,5,27,8.9,0.5,4,3,3.0
24,3.8,91.2,1,27,4.1,0.2,5,3,1.0
90,3.8,342.0,9,36,12.8,0.9,2,1,3.0
15,3.6,54.0,1,41,2.3,0.2,4,2,1.0
19,3.6,68.4,2,28,3.1,0.3,5,3,1.0
34,3.0,102.0,4,41,4.6,0.5,1,1,1.5
22,3.4,74.8,2,38,4.2,0.2,4,1,1.0
57,3.4,193.8,7,43,6.5,1.1,5,2,2.0
90,4.1,369.0,5,33,15.0,0.8,1,2,3.0
15,3.4,51.0,2,45,1.5,0.3,5,3,1.0
71,3.6,255.6,7,36,13.7,1.3,2,3,2.5
78,3.5,273.0,9,29,8.7,1.2,3,1,2.5
98,3.7,362.6,9,35,10.7,1.3,5,1,3.0
42,3.8,159.6,5,44,5.6,0.8,4,1,1.5
51,3.1,158.1,3,27,7.0,0.3,5,3,1.5
61,3.5,213.5,7,45,7.4,1.4,5,2,2.5
90,4.0,360.0,5,39,14.3,0.7,5,3,3.0
51,3.4,173.4,3,38,7.4,0.3,5,2,1.5
63,3.2,201.6,8,35,6.5,1.1,4,3,2.0
58,3.7,214.6,3,44,7.7,0.5,4,3,2.0
70,4.0,280.0,8,32,12.7,1.2,5,2,2.5
42,2.9,121.8,4,28,7.1,0.7,3,3,1.5
93,3.9,362.7,11,36,16.0,1.2,5,3,3.5
20,4.0,80.0,2,32,3.4,0.3,4,1,1.0
75,3.4,255.0,6,30,9.8,1.1,2,2,2.5
34,4.2,142.8,2,39,3.7,0.2,5,2,1.0
92,3.9,358.8,8,36,11.7,1.5,5,1,3.0
16,3.9,62.4,1,40,2.9,0.1,5,2,1.0
87,3.8,330.6,9,40,17.2,1.7,5,1,3.0
51,3.0,153.0,3,45,7.6,0.4,1,2,2.0
34,3.1,105.4,3,44,3.4,0.5,5,2,1.0
40,3.4,136.0,4,44,4.6,0.5,4,2,1.5
43,3.2,137.6,4,28,5.7,0.4,4,2,1.5
15,3.4,51.0,2,35,2.4,0.2,1,1,1.0
49,4.0,196.0,4,37,5.3,0.5,5,1,1.5
84,4.0,336.0,5,33,16.3,0.7,3,2,3.0
73,3.7,270.1,8,28,10.0,1.2,5,3,2.5
83,4.0,332.0,6,36,15.9,1.0,4,1,3.0
47,3.9,183.3,3,33,8.4,0.5,2,2,1.5
65,3.4,221.0,4,37,11.4,0.7,2,1,2.0
92,3.1,285.2,9,40,14.8,1.4,3,3,3.0
26,3.5,91.0,2,30,4.2,0.3,5,3,1.0
34,3.8,129.2,2,34,5.6,0.3,1,3,1.5
67,3.4,227.8,5,37,10.9,0.7,5,2,2.0
57,3.7,210.9,5,31,8.9,0.9,3,2,2.0
64,2.9,185.6,7,43,12.7,0.9,3,3,2.5
43,3.8,163.4,4,43,7.4,0.4,3,1,1.5
71,3.9,276.9,5,41,12.6,0.8,2,1,2.5
53,3.8,201.4,3,37,9.9,0.4,5,3,2.0
70,4.2,294.0,8,37,8.5,1.5,5,2,2.5
57,4.0,228.0,4,45,6.2,0.7,1,1,2.0
64,4.1,262.4,5,26,9.5,0.5,3,1,2.0
37,4.1,151.7,3,34,5.6,0.3,3,1,1.5
58,3.9,226.2,4,37,10.6,0.6,4,2,2.0
52,3.7,192.4,3,33,7.5,0.5,4,3,2.0
98,2.8,274.4,9,25,15.4,1.1,2,2,3.0
37,3.5,129.5,2,38,5.7,0.3,5,1,1.0
59,3.6,212.4,6,40,6.1,1.0,1,3,2.5
66,3.2,211.2,7,44,10.7,0.9,1,2,2.5
94,3.2,300.8,9,39,17.2,0.9,3,3,3.0
64,4.1,262.4,7,25,7.4,1.2,1,1,2.5
22,4.0,88.0,2,41,3.5,0.2,3,2,1.0
99,4.0,396.0,11,37,15.8,2.0,5,3,3.5
15,3.4,51.0,1,39,1.7,0.1,1,2,1.0
22,2.8,61.6,2,40,2.5,0.3,3,1,1.0
43,2.9,124.7,3,40,8.5,0.6,5,3,1.5
19,3.2,60.8,2,26,2.6,0.4,5,1,1.0
100,2.8,280.0,6,41,12.3,0.8,3,3,3.0
61,2.8,170.8,4,35,7.1,0.5,3,1,1.5
48,4.1,196.8,6,32,8.0,1.1,2,1,2.0
79,3.8,300.2,5,44,12.7,0.7,5,2,2.5
69,3.2,220.8,5,27,11.3,0.6,3,1,2.0
57,3.0,171.0,4,36,6.2,0.8,5,2,1.5
88,3.5,308.0,7,44,16.7,0.8,1,1,3.0
44,2.8,123.2,3,40,6.1,0.3,4,1,1.5
96,4.1,393.6,6,38,12.6,0.6,4,1,3.0
31,3.4,105.4,3,40,4.5,0.5,3,3,1.5
40,3.4,136.0,5,45,5.6,0.8,3,2,1.5
22,3.3,72.6,1,41,4.1,0.1,5,3,1.0
61,2.9,176.9,5,35,11.8,0.7,3,2,2.0
90,3.7,333.0,7,41,11.7,0.9,5,1,3.0
86,3.8,326.8,11,43,16.0,1.8,3,3,3.5
60,3.7,222.0,5,25,10.7,0.5,5,2,2.0
82,3.0,246.0,5,36,15.8,1.0,3,1,2.5
47,3.6,169.2,4,39,5.9,0.5,2,2,1.5
15,3.6,54.0,1,42,2.4,0.2,5,2,1.0
33,4.0,132.0,2,38,4.2,0.2,2,1,1.0
45,3.3,148.5,3,25,8.2,0.5,2,3,1.5
94,3.3,310.2,8,37,9.5,1.0,2,1,3.0
28,3.7,103.6,3,39,4.4,0.3,2,3,1.5
67,3.7,247.9,4,31,9.0,0.7,1,2,2.5
62,3.5,217.0,4,39,8.2,0.7,4,2,2.0
83,3.4,282.2,9,44,13.7,1.3,1,2,3.0
76,3.5,266.0,9,34,14.1,1.5,3,3,3.0
80,4.0,320.0,6,38,12.9,0.9,3,1,3.0
78,3.4,265.2,8,30,14.5,1.5,4,3,2.5
84,4.1,344.4,8,38,10.6,1.1,4,2,3.0
77,3.5,269.5,5,36,11.7,0.8,4,2,2.5
87,4.1,356.7,10,35,12.6,1.5,2,1,3.5
47,4.0,188.0,3,44,4.8,0.4,1,3,2.0
55,3.3,181.5,5,43,8.6,0.9,3,2,2.0
62,4.0,248.0,4,26,10.3,0.5,1,3,2.0
27,3.0,81.0,2,44,4.3,0.2,1,3,1.0
87,4.1,356.7,11,25,15.1,1.7,1,1,3.5
91,3.7,336.7,7,32,14.3,1.2,4,1,3.0
45,2.9,130.5,5,38,4.8,0.6,4,2,1.5
89,3.7,329.3,5,33,9.9,0.7,3,1,2.5
82,4.2,344.4,5,26,13.1,1.0,3,3,3.0
18,2.9,52.2,1,29,2.3,0.1,3,1,1.0
33,3.6,118.8,3,32,3.6,0.5,1,3,1.5
84,3.8,319.2,8,40,12.0,1.4,4,2,3.0
96,3.9,374.4,6,40,14.9,0.9,2,3,3.5
27,3.4,91.8,2,37,3.6,0.4,1,1,1.0
37,3.1,114.7,3,44,6.4,0.5,5,1,1.5
97,2.9,281.3,8,39,15.9,1.2,1,2,3.0
89,3.6,320.4,10,25,11.9,1.6,4,1,3.0
15,3.4,51.0,1,27,2.6,0.2,5,2,1.0
68,4.1,278.8,8,30,11.2,1.3,1,2,2.5
85,2.9,246.5,6,38,13.9,1.1,4,1,2.5
99,3.8,376.2,10,28,15.4,1.4,4,3,3.5
29,2.8,81.2,3,42,2.9,0.4,2,2,1.0
79,3.0,237.0,6,39,13.4,0.7,1,3,2.5
90,3.4,306.0,5,33,12.4,0.5,4,1,2.5
85,3.4,289.0,5,42,16.5,0.5,3,3,3.0
29,3.8,110.2,3,27,5.3,0.6,4,3,1.0
35,4.1,143.5,4,34,5.6,0.7,2,3,1.5
33,3.7,122.1,2,41,4.1,0.3,4,3,1.5
74,4.1,303.4,6,31,8.9,1.0,1,1,2.5
47,4.0,188.0,5,39,6.3,0.9,1,1,2.0
63,3.6,226.8,4,25,9.3,0.6,5,3,2.0
49,4.0,196.0,3,35,6.4,0.6,1,1,2.0
58,3.7,214.6,3,41,8.8,0.4,5,1,2.0
25,2.9,72.5,1,29,2.9,0.2,3,2,1.0
86,3.8,326.8,5,31,17.0,0.8,2,1,3.0
92,2.9,266.8,11,43,10.2,1.4,3,3,3.0
88,3.6,316.8,10,39,17.0,1.6,5,1,3.0
80,3.8,304.0,6,27,15.3,0.9,4,1,2.5
60,2.9,174.0,5,39,9.2,0.6,4,1,2.0
23,3.1,71.3,2,29,4.0,0.3,3,1,1.0
17,4.1,69.7,1,36,2.4,0.1,4,2,1.0
99,3.7,366.3,8,44,16.1,0.8,5,3,3.5
40,3.1,124.0,3,29,5.4,0.6,2,3,1.5
86,3.8,326.8,11,27,11.2,1.8,1,1,3.0
62,3.6,223.2,6,33,9.8,1.1,5,1,2.0
80,3.5,280.0,6,33,12.0,1.0,5,2,2.5
84,4.2,352.8,6,31,13.3,0.8,1,1,3.0
42,3.8,159.6,4,26,5.4,0.6,1,2,1.5
40,3.3,132.0,3,45,5.5,0.5,2,3,1.5
39,3.9,152.1,3,40,4.2,0.6,2,3,1.5
26,4.0,104.0,2,33,2.7,0.3,2,2,1.0
19,3.0,57.0,2,37,2.4,0.4,4,3,1.0
62,3.1,192.2,5,43,6.7,1.0,5,1,2.0
51,3.1,158.1,5,44,5.6,0.8,1,1,2.0
93,3.8,353.4,5,41,16.9,1.0,5,2,3.0
58,3.6,208.8,6,30,6.0,0.8,5,3,2.0
29,3.7,107.3,2,28,4.8,0.4,2,3,1.0
57,4.1,233.7,7,25,7.3,1.2,2,2,2.0
62,3.9,241.8,5,42,11.6,0.5,5,2,2.0
